Date,Ticker,Returns,Close,Volume,Cumulative Return
2010-06-30,AAPL,-0.018113196355735606,7.577764987945557,739452000,-0.018113196355735606
2010-07-31,AAPL,0.022740640175940907,7.750088214874268,15669704400,0.004215538139443309
2010-08-31,AAPL,-0.0550044782190342,7.323798656463623,9589120800,-0.051020813555363365
2010-09-30,AAPL,0.1672153852053624,8.548450469970703,11849919200,0.10766310665784795
2010-10-31,AAPL,0.06072213483271449,9.067530632019043,12234577600,0.17492277516954924
2010-11-30,AAPL,0.03378945824014434,9.373917579650879,9508086000,0.21462277921653516
2010-12-31,AAPL,0.03667079888475988,9.717666625976562,6973234800,0.25916396687403287
2011-01-31,AAPL,0.05195907401504507,10.222587585449219,10841535600,0.32458896062591847
2011-02-28,AAPL,0.04093473742345477,10.641046524047852,9295949600,0.3788106619231473
2011-03-31,AAPL,-0.013306391696106479,10.499452590942383,11306458800,0.3604636671808301
2011-04-30,AAPL,0.004648269299696084,10.548256874084473,9253829200,0.3667874686783388
2011-05-31,AAPL,-0.006568873128511621,10.47896671295166,6912060400,0.3578092152029513
2011-06-30,AAPL,-0.0349599785875363,10.112622261047363,9263850400,0.31034023411349665
2011-07-31,AAPL,0.16328555290232716,11.763867378234863,10653946800,0.5242998637308838
2011-08-31,AAPL,-0.014469438909069932,11.593650817871094,16142599200,0.502244099973526
2011-09-30,AAPL,-0.009120721004104104,11.487908363342285,11977448000,0.488542550657606
2011-10-31,AAPL,0.06152294402805314,12.19467830657959,13141427600,0.5801220706850894
2011-11-30,AAPL,-0.055783325110167925,11.514418601989746,8963701600,0.49197760750231123
2011-12-31,AAPL,0.05965474004208948,12.201308250427246,6306532400,0.5809811438264803
2012-01-31,AAPL,0.12711084313825594,13.752226829528809,6859854400,0.7819409900039485
2012-02-29,AAPL,0.18831088631927795,16.341920852661133,11368554400,1.1174998772002436
2012-03-31,AAPL,0.10528377346396223,18.06245994567871,15584338000,1.340438254581362
2012-04-30,AAPL,-0.0259697773933093,17.593381881713867,15598990400,1.279657594107099
2012-05-31,AAPL,-0.010702949989478294,17.405080795288086,11106345600,1.2552585328842363
2012-06-30,AAPL,0.01085391947092007,17.593994140625,7855825600,1.279736927386267
2012-07-31,AAPL,0.04582148060778457,18.400177001953125,8909650400,1.3841978487953472
2012-08-31,AAPL,0.09387682709802103,20.127527236938477,8276206400,1.608018778014182
2012-09-30,AAPL,0.0027958930771794233,20.183801651000977,9199005200,1.6153105196607855
2012-10-31,AAPL,-0.10760012757362047,18.012022018432617,12142830000,1.3339027741006535
2012-11-30,AAPL,-0.012374136799256363,17.789138793945312,12929851200,1.3050227418977682
2012-12-31,AAPL,-0.09074304636443264,16.174898147583008,12132752800,1.0958579563586675
2013-01-31,AAPL,-0.14408939301121826,13.844266891479492,13123423600,0.7938670555892147
2013-02-28,AAPL,-0.025285866011754865,13.494202613830566,9344034000,0.7485075735786846
2013-03-31,AAPL,0.0028542660666159847,13.532718658447266,9176876800,0.7534982794131713
2013-04-30,AAPL,0.0002711752798645328,13.536388397216797,10963489600,0.7539737847998331
2013-05-31,AAPL,0.022419509970881046,13.83986759185791,9447530400,0.793297017556817
2013-06-30,AAPL,-0.11829319881067946,12.202705383300781,7018536000,0.58116217693237
2013-07-31,AAPL,0.14122520293128882,13.926034927368164,6538114800,0.8044621262369225
2013-08-31,AAPL,0.08376644392407728,15.092569351196289,8058338400,0.955615501747469
2013-09-30,AAPL,-0.02148908870163535,14.768243789672852,8630941200,0.9135911067641245
2013-10-31,AAPL,0.0963811214348067,16.19162368774414,7837732000,1.0980251636017235
2013-11-30,AAPL,0.07005345930545448,17.325902938842773,5225155600,1.2449990840219165
2013-12-31,AAPL,0.008901597278572648,17.480131149291992,7057397200,1.2649831617586442
2014-01-31,AAPL,-0.10769690144373634,15.597575187683105,8765954400,1.0210514934150012
2014-02-28,AAPL,0.05751140475259264,16.494613647460938,5880366800,1.137285003878623
2014-03-31,AAPL,0.019953103217325907,16.823732376098633,5001698800,1.179930472165856
2014-04-30,AAPL,0.0993959399719806,18.495943069458008,6435060800,1.3966067105203446
2014-05-31,AAPL,0.07870931003698933,19.951745986938477,5735668400,1.5852419711354195
2014-06-30,AAPL,0.02766187838184231,20.50364875793457,4827739200,1.6567546201286016
2014-07-31,AAPL,0.02873127979760115,21.092744827270508,4140344000,1.7330865804730862
2014-08-31,AAPL,0.07750929971435117,22.727628707885742,3748308000,1.944926207384246
2014-09-30,AAPL,-0.01707351644951416,22.339588165283203,6105680000,1.8946459613398656
2014-10-31,AAPL,0.07196027997047216,23.94715118408203,5441120800,2.102945495133279
2014-11-30,AAPL,0.10597852492082116,26.485034942626953,3281632800,2.431791081617211
2014-12-31,AAPL,-0.07189099702386303,24.58099937438965,4294378400,2.185076199182148
2015-01-31,AAPL,0.06142421627491945,26.09086799621582,5221053600,2.3807170084928106
2015-02-28,AAPL,0.10077681115515391,28.72022247314453,4546140800,2.7214148880267075
2015-03-31,AAPL,-0.03137185651855279,27.819215774536133,4554568400,2.6046671941135275
2015-04-30,AAPL,0.005786450051939784,27.98019027709961,3984542000,2.6255254207861314
2015-05-31,AAPL,0.045339236484944756,29.248790740966797,3816608400,2.789903975221333
2015-06-30,AAPL,-0.03722776770989378,28.159923553466797,3514426800,2.64881431038899
2015-07-31,AAPL,-0.032926372485337696,27.23271942138672,4233122400,2.5286720912752916
2015-08-31,AAPL,-0.06619652848186242,25.430007934570312,6427276400,2.2950862486820336
2015-09-30,AAPL,-0.021816071346067445,24.875225067138672,4826189200,2.2232004119893407
2015-10-31,AAPL,0.08340884704252871,26.95003890991211,4450048400,2.492043842140375
2015-11-30,AAPL,-0.005804347219896533,26.793611526489258,3002562400,2.4717748071734906
2015-12-31,AAPL,-0.11022818254176214,23.840200424194336,3687660800,2.08908737998448
2016-01-31,AAPL,-0.07524235084823094,22.04640769958496,5087392000,1.8566571835388452
2016-02-29,AAPL,-0.0012876052229897628,22.018020629882812,3243450400,1.8529789368290293
2016-03-31,AAPL,0.12721088682878934,24.818952560424805,2984198400,2.2159089174869067
2016-04-30,AAPL,-0.13992145418953927,21.346248626708984,3489534800,1.7659342652110315
2016-05-31,AAPL,0.07177314163448867,22.87833595275879,3602686000,1.964454056979708
2016-06-30,AAPL,-0.04265993777155985,21.902347564697266,3117990800,1.8379906313823056
2016-07-31,AAPL,0.09006301239260583,23.87493896484375,2743118400,2.0935886167865894
2016-08-31,AAPL,0.023651902512225265,24.439626693725586,2520514000,2.1667578731637556
2016-09-30,AAPL,0.06550406632804728,26.0405216217041,3872062400,2.3741933909323403
2016-10-31,AAPL,0.004334516759391338,26.15339469909668,2747657200,2.388818888734764
2016-11-30,AAPL,-0.021600927835660477,25.588457107543945,2886220000,2.3156172564710813
2016-12-31,AAPL,0.04795515649140314,26.815555572509766,2435086800,2.474618200870749
2017-01-31,AAPL,0.047746601234192276,28.09590721130371,2252488000,2.6405194105487912
2017-02-28,AAPL,0.13377750028563495,31.854507446289062,2299874400,3.1275389970333416
2017-03-31,AAPL,0.0486898458864824,33.40549850463867,2246513600,3.328508234689341
2017-04-30,AAPL,-6.965815318449309e-05,33.40317153930664,1493216400,3.3282067187996685
2017-05-31,AAPL,0.06780734318885995,35.66815185546875,2615927200,3.6216909171736473
2017-06-30,AAPL,-0.057213905340125715,33.627437591552734,2736712400,3.3572659305271557
2017-07-31,AAPL,0.032703850869024054,34.7271842956543,1688047600,3.499765305715795
2017-08-31,AAPL,0.10699967474130534,38.4429817199707,2644276000,3.9812387298395953
2017-09-30,AAPL,-0.06024412367353038,36.127017974853516,2721496400,3.681148367751759
2017-10-31,AAPL,0.09680764894623661,39.6243896484375,2017165200,4.13431933560232
2017-11-30,AAPL,0.020278232179000044,40.42790222167969,2402653600,4.238434255170793
2017-12-31,AAPL,-0.015246181990977603,39.81153106689453,2124735200,4.1585681331686875
2018-01-31,AAPL,-0.010636185779056229,39.38808822631836,2638717600,4.103700644150386
2018-02-28,AAPL,0.0681849943890529,42.07376480102539,3711577200,4.451696443935186
2018-03-31,AAPL,-0.0580509248702441,39.631343841552734,2854910800,4.135220423252927
2018-04-30,AAPL,-0.01501946411432975,39.036102294921875,2664617200,4.058092164386706
2018-05-31,AAPL,0.13512354051761544,44.31079864501953,2483905200,4.741559485903046
2018-06-30,AAPL,-0.009417939859553748,43.89348220825195,2110498000,4.687485823964761
2018-07-31,AAPL,0.027983177728802433,45.121761322021484,1574765600,4.846639750606811
2018-08-31,AAPL,0.2004220520460971,54.165157318115234,2801275600,6.018435286997709
2018-09-30,AAPL,-0.008302796711137317,53.71543502807617,2715888000,5.960162645579494
2018-10-31,AAPL,-0.030477703607063256,52.078311920166016,3158994000,5.748032871410569
2018-11-30,AAPL,-0.18119747433657596,42.64185333251953,3845305600,4.5253063583707815
2018-12-31,AAPL,-0.1166985409059299,37.665611267089844,3595690000,3.8805111682906546
2019-01-31,AAPL,0.0551541683892367,39.74302673339844,3312349600,4.149691703092108
2019-02-28,AAPL,0.04477637440542681,41.52257537841797,1890162400,4.38027622686228
2019-03-31,AAPL,0.09702584150107474,45.55133819580078,2603925600,4.902302055281821
2019-04-30,AAPL,0.05643601336905335,48.122074127197266,2024470800,5.235404452981896
2019-05-31,AAPL,-0.12421306433108148,42.144683837890625,2957826400,4.460885758533344
2019-06-30,AAPL,0.1305193820116919,47.645381927490234,2060874800,5.173637192973565
2019-07-31,AAPL,0.07639453509465355,51.28522872924805,1895406800,5.645269336173842
2019-08-31,AAPL,-0.016461403372405314,50.441001892089844,2724326400,5.5358788771128085
2019-09-30,AAPL,0.07296159377971656,54.12125778198242,2170268400,6.012747016738143
2019-10-31,AAPL,0.11068454814967144,60.11164474487305,2433210800,6.788949751573761
2019-11-30,AAPL,0.07755401780198357,64.77354431152344,1793326000,7.393014099266068
2019-12-31,AAPL,0.09878400442497126,71.17213439941406,2388794800,8.222109641186814
2020-01-31,AAPL,0.05400992681274919,75.0161361694336,2934370400,8.720195107966463
2020-02-29,AAPL,-0.11470147769924566,66.41167449951172,3019279200,7.605274365557731
2020-03-31,AAPL,-0.06976141999429986,61.77870178222656,6280072400,7.004958206375877
2020-04-30,AAPL,0.15537394574939434,71.37750244140625,3265299200,8.24872014845949
2020-05-31,AAPL,0.08509413407510702,77.45130920410156,2805936000,9.035731980795646
2020-06-30,AAPL,0.14738608260411334,88.8665542602539,3243375600,10.514859203509936
2020-07-31,AAPL,0.16513167118206584,103.5412368774414,3020283200,12.416327147211723
2020-08-31,AAPL,0.21656920527549284,125.96508026123047,4070061100,15.321890455199384
2020-09-30,AAPL,-0.10252642334466655,113.05033111572266,3885245100,13.64846540460434
2020-10-31,AAPL,-0.06001201398351541,106.26595306396484,2894666500,12.769381493906183
2020-11-30,AAPL,0.09549333089995171,116.41364288330078,2123077300,14.084265597191438
2020-12-31,AAPL,0.1145737192000118,129.7515869140625,2322189600,15.812526008062449
2021-01-31,AAPL,-0.005501681680269321,129.03773498535156,2240262000,15.72002884172484
2021-02-28,AAPL,-0.07971183985274477,118.75189971923828,1833855600,14.387244580359996
2021-03-31,AAPL,0.007339520742915884,119.62348175048828,2650418200,14.500179581133867
2021-04-30,AAPL,0.07621780553952417,128.7409210205078,1889857500,15.681569254276432
2021-05-31,AAPL,-0.05049711603364404,122.23987579345703,1711934900,14.839198116019967
2021-06-30,AAPL,0.09910901887846424,134.35494995117188,1606590000,16.409005501120326
2021-07-31,AAPL,0.06498278381380951,143.08570861816406,1919035100,17.54029114201305
2021-08-31,AAPL,0.04248914795518721,149.16529846191406,1461542800,18.32805231547829
2021-09-30,AAPL,-0.06803678551002568,139.01657104492188,1797835100,17.013033765763538
2021-10-31,AAPL,0.05865756224349905,147.1709442138672,1565079200,18.069634415073065
2021-11-30,AAPL,0.10508165115689527,162.6359100341797,1691029000,20.073503086367296
2021-12-31,AAPL,0.07422850123380309,174.7081298828125,2444766700,21.637757636214264
2022-01-31,AAPL,-0.015711978474143518,171.96311950683594,2108446000,21.282073675531187
2022-02-28,AAPL,-0.05406603059954562,162.66575622558594,1627516300,20.077370398368586
2022-03-31,AAPL,0.0574735825263879,172.01473999023438,2180800100,21.288762385398467
2022-04-30,AAPL,-0.09713072415023372,155.30682373046875,1687795600,19.123838754492223
2022-05-31,AAPL,-0.0544962423566947,146.8431854248047,2401040300,18.02716516058037
2022-06-30,AAPL,-0.08142970629754298,134.8857879638672,1749099800,16.477788689879468
2022-07-31,AAPL,0.1886337759300898,160.32980346679688,1447125400,19.77468996535965
2022-08-31,AAPL,-0.03120808300913258,155.3262176513672,1510239600,19.12635171643171
2022-09-30,AAPL,-0.1209770578181022,136.53530883789062,2084722800,16.69152490116549
2022-10-31,AAPL,0.1095515657280337,151.4929656982422,1868139700,18.629659154204667
2022-11-30,AAPL,-0.03302759612148898,146.48951721191406,1724847700,17.981338699657105
2022-12-31,AAPL,-0.12227268688588733,128.57785034179688,1675731200,15.660439416158955
2023-01-31,AAPL,0.11052114537058078,142.78842163085938,1443652500,17.501770262810012
2023-02-28,AAPL,0.0231831645575844,146.0987091064453,1307198900,17.93069984741936
2023-03-31,AAPL,0.11864852515346369,163.43310546875,1520266600,20.176799464438567
2023-04-30,AAPL,0.028987413768893244,168.1706085205078,969709700,20.790660112815125
2023-05-31,AAPL,0.046058293498845826,175.916259765625,1275155500,21.79430073182476
2023-06-30,AAPL,0.09432997989044578,192.51043701171875,1297101100,23.944486661474564
2023-07-31,AAPL,0.01278545863134628,194.97177124023438,996066400,24.263413363765014
2023-08-31,AAPL,-0.04238378358495731,186.7081298828125,1322439400,23.19265431913788
2023-09-30,AAPL,-0.08867830806276278,170.1511688232422,1337586600,21.04729066656944
2023-10-31,AAPL,-0.002569987499805748,169.71388244628906,1172719600,20.990629405151775
2023-11-30,AAPL,0.11378016679719982,189.02395629882812,1099586100,23.49272688684535
2023-12-31,AAPL,0.013582556619480712,191.5913848876953,1062774800,23.825400736551405
2010-06-30,AMZN,0.005984677287360851,5.4629998207092285,194814000,0.005984677287360851
2010-07-31,AMZN,0.07898590009148321,5.894499778747559,3506524000,0.0854432825011433
2010-08-31,AMZN,0.058868459597099854,6.241499900817871,2268396000,0.14934165652200537
2010-09-30,AMZN,0.2581911862247961,7.853000164031982,2686420000,0.446091542196994
2010-10-31,AMZN,0.052018360628662164,8.261500358581543,2857670000,0.5213148535410554
2010-11-30,AMZN,0.06155057521167184,8.770000457763672,2620228000,0.6149526578545677
2010-12-31,AMZN,0.02622571610389368,9.0,1873234000,0.6573059477806902
2011-01-31,AMZN,-0.05755551656087232,8.482000350952148,2272226000,0.5619188478567665
2011-02-28,AMZN,0.021516137468516217,8.66450023651123,1915528000,0.5955253085019192
2011-03-31,AMZN,0.03947140611621691,9.006500244140625,2379582000,0.6585029359225008
2011-04-30,AMZN,0.08704817873782345,9.790499687194824,2334988000,0.8028725959258876
2011-05-31,AMZN,0.004494216538090123,9.834500312805176,2125490000,0.8109750957625672
2011-06-30,AMZN,0.03965624863935724,10.224499702453613,1911274000,0.8827915744398114
2011-07-31,AMZN,0.08817064190318846,11.12600040435791,1856170000,1.0487985161280844
2011-08-31,AMZN,-0.03276110304953772,10.761500358581543,3103894000,0.9816776168134722
2011-09-30,AMZN,0.004646121395208036,10.81149959564209,2872466000,0.9908847315873541
2011-10-31,AMZN,-0.012579168908284255,10.67549991607666,3184288000,0.9658410562717927
2011-11-30,AMZN,-0.09938643423175819,9.614500045776367,2731762000,0.7704631234225461
2011-12-31,AMZN,-0.09979721340026226,8.654999732971191,2511904000,0.5937758372770514
2012-01-31,AMZN,0.12328138902585795,9.722000122070312,2210738000,0.790258736292416
2012-02-29,AMZN,-0.07585889544072644,8.98449993133545,2931608000,0.6544516860041627
2012-03-31,AMZN,0.1269964720047314,10.125499725341797,2259502000,0.8645612132289711
2012-04-30,AMZN,0.14512869305691578,11.595000267028809,2210708000,1.1351625452295089
2012-05-31,AMZN,-0.08188875050079159,10.645500183105469,1855486000,0.9603167522845746
2012-06-30,AMZN,0.07251884325323044,11.417499542236328,1314912000,1.1024766555701815
2012-07-31,AMZN,0.02167728745695463,11.664999961853027,1546804000,1.1480526464045129
2012-08-31,AMZN,0.06416629856391287,12.41349983215332,1203848000,1.285885233844708
2012-09-30,AMZN,0.024368612817364355,12.715999603271484,1271410000,1.3415890860532
2012-10-31,AMZN,-0.08426390830086661,11.644499778747559,1631370000,1.1442776380277033
2012-11-30,AMZN,0.0822706171418306,12.602499961853027,1344272000,1.3206886826316695
2012-12-31,AMZN,-0.004681612016455339,12.543499946594238,1217424000,1.309824118608609
2013-01-31,AMZN,0.05831703073707417,13.274999618530273,1684528000,1.4445262027307426
2013-02-28,AMZN,-0.0046327380346016245,13.213500022888184,1373234000,1.4332013532147716
2013-03-31,AMZN,0.008400504093758698,13.32450008392334,1170114000,1.4536414711433916
2013-04-30,AMZN,-0.04758150928970928,12.690500259399414,1538324000,1.3368935066905663
2013-05-31,AMZN,0.0606358900767221,13.460000038146973,1181010000,1.478593124483261
2013-06-30,AMZN,0.031537853678727634,13.884499549865723,1171516000,1.5567626317723144
2013-07-31,AMZN,0.08473480201495298,15.060999870300293,1350738000,1.7734094071747717
2013-08-31,AMZN,-0.06719341960283554,14.048999786376953,875478000,1.587054545148026
2013-09-30,AMZN,0.11267707361206414,15.631999969482422,869376000,1.8785562805700953
2013-10-31,AMZN,0.16437435865524175,18.201499938964844,1545908000,2.351717123041823
2013-11-30,AMZN,0.08128449973110685,19.680999755859375,1084154000,2.6241597726284622
2013-12-31,AMZN,0.013134548857432593,19.93950080871582,1113734000,2.6717614762291926
2014-01-31,AMZN,-0.10055422587303786,17.934499740600586,1620238000,2.3025503433965233
2014-02-28,AMZN,0.00950680554806671,18.104999542236328,1660180000,2.333947047323895
2014-03-31,AMZN,-0.07105766671997282,16.818500518798828,1505070000,2.0970445491731162
2014-04-30,AMZN,-0.09584686004505927,15.206500053405762,2765574000,1.800202553715207
2014-05-31,AMZN,0.027685498010651566,15.6274995803833,1571584000,1.877727555945511
2014-06-30,AMZN,0.03912978764810604,16.23900032043457,1531602000,1.9903324241187623
2014-07-31,AMZN,-0.03630152199112202,15.649499893188477,1988520000,1.88177880586385
2014-08-31,AMZN,0.08322948209259318,16.95199966430664,1240634000,2.12162776338131
2014-09-30,AMZN,-0.04896177089087961,16.121999740600586,1360656000,1.9687873400240252
2014-10-31,AMZN,-0.05266095960625494,15.27299976348877,2221174000,1.812448149831459
2014-11-30,AMZN,0.10862302551854675,16.93199920654297,1379674000,2.1179447769801913
2014-12-31,AMZN,-0.08354000408234818,15.517499923706055,1736428000,1.85747165758273
2015-01-31,AMZN,0.14235538228773414,17.726499557495117,2061142000,2.2642481277742847
2015-02-28,AMZN,0.07229288887602525,19.007999420166016,1416924000,2.5002300549392444
2015-03-31,AMZN,-0.021201593551299247,18.604999542236328,1110056000,2.426019599978381
2015-04-30,AMZN,0.13351256225666064,21.089000701904297,1688096000,2.883436255113034
2015-05-31,AMZN,0.017663210846626587,21.46150016784668,1039660000,2.9520302084965295
2015-06-30,AMZN,0.011322602269977722,21.704500198364258,1099750000,2.9967774747062728
2015-07-31,AMZN,0.2351125616453369,26.8075008392334,2041400000,3.9364700651108455
2015-08-31,AMZN,-0.04338338414259946,25.644500732421875,1657264000,3.7223092879676987
2015-09-30,AMZN,-0.0019497803810217817,25.594499588012695,1535378000,3.7131018219649023
2015-10-31,AMZN,0.22272365469302224,31.295000076293945,1942522000,4.762821084693267
2015-11-30,AMZN,0.06215055431957617,33.2400016784668,1746098000,5.120983609551495
2015-12-31,AMZN,0.01668161062386231,33.794498443603516,1803750000,5.223091474761077
2016-01-31,AMZN,-0.13151543200295723,29.350000381469727,2604018000,4.404658911063954
2016-02-29,AMZN,-0.05873938359042041,27.625999450683594,2482896000,4.087192578111584
2016-03-31,AMZN,0.07442263797657755,29.68199920654297,1880190000,4.465794869669515
2016-04-30,AMZN,0.11109428941783261,32.97949981689453,1569284000,5.073013466819084
2016-05-31,AMZN,0.09581709440582009,36.13949966430664,1812290000,5.654911971497105
2016-06-30,AMZN,-0.009919933525815439,35.78099822998047,1490818000,5.588895687119701
2016-07-31,AMZN,0.06035326650727413,37.94049835205078,1372710000,5.9865570645130655
2016-08-31,AMZN,0.013639826927226428,38.45800018310547,1000008000,6.0818524936902145
2016-09-30,AMZN,0.08860318280928237,41.865501403808594,1346714000,6.7093271648170205
2016-10-31,AMZN,-0.056717349489147084,39.49100112915039,1541276000,6.272074561683918
2016-11-30,AMZN,-0.049694904402671214,37.528499603271484,2201718000,5.910689511531938
2016-12-31,AMZN,-0.0009326204826231033,37.493499755859375,1473204000,5.904244460944435
2017-01-31,AMZN,0.09816368315796975,41.17399978637695,1412280000,6.581990526653752
2017-02-28,AMZN,0.02618154953570717,42.25199890136719,1434966000,6.7804987872066
2017-03-31,AMZN,0.049110120630820875,44.32699966430664,1214214000,7.162600021214272
2017-04-30,AMZN,0.04337087158866715,46.2495002746582,1470794000,7.516619098564009
2017-05-31,AMZN,0.07527646131496324,49.73099899291992,1524040000,8.15772004667134
2017-06-30,AMZN,-0.026763939876423448,48.400001525878906,1922708000,7.912623377937111
2017-07-31,AMZN,0.020433850865833714,49.388999938964844,1576248000,8.09474259486522
2017-08-31,AMZN,-0.007268848531284511,49.029998779296875,1547836000,8.028634288512123
2017-09-30,AMZN,-0.01963079206904017,48.067501068115234,1185836000,7.851395046126935
2017-10-31,AMZN,0.14971651762490445,55.263999938964844,1666682000,9.176595088555391
2017-11-30,AMZN,0.0646623767888812,58.837501525878906,1543300000,9.834637914599439
2017-12-31,AMZN,-0.006186568401839954,58.4734992980957,1155204000,9.7676086860316
2018-01-31,AMZN,0.2406389754181053,72.54450225830078,1927424000,12.358715007941337
2018-02-28,AMZN,0.04242906360200149,75.62249755859375,2755680000,12.925512776654292
2018-03-31,AMZN,-0.04304936888568911,72.36699676513672,2608002000,12.326028240209725
2018-04-30,AMZN,0.08207479647162996,78.30650329589844,2598392000,13.419759295800132
2018-05-31,AMZN,0.040539410880385374,81.48100280761719,1432310000,14.00432784268883
2018-06-30,AMZN,0.04306519231774053,84.98999786376953,1718826000,14.650492106832655
2018-07-31,AMZN,0.0456760075509377,88.87200164794922,1950422000,15.365344102480233
2018-08-31,AMZN,0.13236448128539813,100.635498046875,1931516000,17.531534385662077
2018-09-30,AMZN,-0.004824306834253722,100.1500015258789,1888910000,17.44213257767612
2018-10-31,AMZN,-0.2021917501830789,79.90049743652344,3664416000,13.713285514687408
2018-11-30,AMZN,0.05767175245241973,84.50849914550781,2785800000,14.561826474652234
2018-12-31,AMZN,-0.11134970006404443,75.09850311279297,3096254000,12.829021764251001
2019-01-31,AMZN,0.1443170900523203,85.9365005493164,2680034000,14.82478594353791
2019-02-28,AMZN,-0.04590598487961817,81.99150085449219,1618738000,14.098333559290664
2019-03-31,AMZN,0.08593570731353273,89.0374984741211,2016644000,15.395819532963955
2019-04-30,AMZN,0.08185874546917038,96.32599639892578,1624784000,16.737960750871302
2019-05-31,AMZN,-0.07861319674779288,88.75350189208984,1964288000,15.343522952458429
2019-06-30,AMZN,0.06679174655008158,94.68150329589844,1494930000,16.43513539523447
2019-07-31,AMZN,-0.014179183493694736,93.33899688720703,1462976000,16.18791941122803
2019-08-31,AMZN,-0.048473822697145286,88.81449890136719,1595424000,15.35475525315534
2019-09-30,AMZN,-0.022732743159706525,86.79550170898438,1223458000,14.982966802545498
2019-10-31,AMZN,0.02347470126911233,88.83300018310547,1407210000,15.358162173629392
2019-11-30,AMZN,0.013587301227403481,90.04000091552734,1041524000,15.580425450609212
2019-12-31,AMZN,0.026121694264473527,92.39199829101562,1362992000,16.01353425500492
2020-01-31,AMZN,0.08706380278652337,100.43599700927734,1693966000,17.494797246084428
2020-02-29,AMZN,-0.06221372013363047,94.1875,1850202000,16.344167106288293
2020-03-31,AMZN,0.03502057131822345,97.48600006103516,3276182000,16.951569747389247
2020-04-30,AMZN,0.26890011766607125,123.69999694824219,2492196000,21.7787489647529
2020-05-31,AMZN,-0.01278494124009133,122.11849975585938,1651688000,21.487523997715744
2020-06-30,AMZN,0.12956672853391127,137.9409942626953,1756366000,24.401158914927596
2020-07-31,AMZN,0.14711362185002086,158.23399353027344,2550040000,28.13801540209054
2020-08-31,AMZN,0.09046103369298253,172.54800415039062,1670332000,30.773870395125698
2020-09-30,AMZN,-0.08757859185260608,157.43649291992188,2317986000,27.99115956821338
2020-10-31,AMZN,-0.035754085335204855,151.8074951171875,2324522000,26.954607175044938
2020-11-30,AMZN,0.043439868865324804,158.40199279785156,1816210000,28.168951644910557
2020-12-31,AMZN,0.028058383014483823,162.84649658203125,1551124000,28.987385262294413
2021-01-31,AMZN,-0.01557601223652838,160.30999755859375,1430578000,28.520301382507427
2021-02-28,AMZN,-0.03532841376742346,154.64649963378906,1442140000,27.47739596072716
2021-03-31,AMZN,0.0003717841485173512,154.70399475097656,1563760000,27.48798340513641
2021-04-30,AMZN,0.12066273709568387,173.37100219726562,1536792000,30.92542145713659
2021-05-31,AMZN,-0.07047025525869388,161.15350341796875,1503678000,28.675628857810793
2021-06-30,AMZN,0.06735498737093981,172.00799560546875,1340220000,30.674430464753335
2021-07-31,AMZN,-0.0327222827222825,166.37950134277344,1674586000,29.637970796018397
2021-08-31,AMZN,0.04303416949999428,173.5395050048828,1256964000,30.956450424390127
2021-09-30,AMZN,-0.05351810876292551,164.2519989013672,1250554000,29.24620163490058
2021-10-31,AMZN,0.02660245759664326,168.6215057373047,1273466000,30.050824931352544
2021-11-30,AMZN,0.039923701306486814,175.35350036621094,1515990000,31.29048879123188
2021-12-31,AMZN,-0.04925196878828475,166.7169952392578,1287634000,29.70011864512767
2022-01-31,AMZN,-0.10282991021845689,149.57350158691406,1524654000,26.543228201153216
2022-02-28,AMZN,0.026672518265588696,153.56300354003906,1689604000,27.277875458441752
2022-03-31,AMZN,0.06143728503001622,162.99749755859375,1628486000,29.01519135302534
2022-04-30,AMZN,-0.23752509313621084,124.28150177001953,1465008000,21.885830231396806
2022-05-31,AMZN,-0.03276431760316645,120.20950317382812,2258476000,21.13599162108317
2022-06-30,AMZN,-0.11645921262241266,106.20999908447266,1767601100,18.5580514662755
2022-07-31,AMZN,0.27059597129750035,134.9499969482422,1337852600,23.85038139947882
2022-08-31,AMZN,-0.06061504624052083,126.7699966430664,1170449000,22.34407438185483
2022-09-30,AMZN,-0.10862189009783763,113.0,1210487600,19.808396899913248
2022-10-31,AMZN,-0.09345130582826311,102.44000244140625,1459311500,17.863825037423574
2022-11-30,AMZN,-0.05759470309709935,96.54000091552734,2035133200,16.777368635117533
2022-12-31,AMZN,-0.12989435256479653,84.0,1549193300,14.46818884595322
2023-01-31,AMZN,0.22773806254068973,103.12999725341797,1523798600,17.990884204744113
2023-02-28,AMZN,-0.08629878923214451,94.2300033569336,1364102000,16.351993891426837
2023-03-31,AMZN,0.09614769432062298,103.29000091552734,1349240300,18.02034809595306
2023-04-30,AMZN,0.020911956758344452,105.44999694824219,1224083600,18.41810079286429
2023-05-31,AMZN,0.14348037288458793,120.58000183105469,1432891600,21.20421713533497
2023-06-30,AMZN,0.08110796675057008,130.36000061035156,1242648800,23.00515604047016
2023-07-31,AMZN,0.025467873963526122,133.67999267578125,1058754800,23.61651632898363
2023-08-31,AMZN,0.03239079943366252,138.00999450683594,1210426200,24.413864972151217
2023-09-30,AMZN,-0.07890726899285905,127.12000274658203,1120271900,22.408526292645483
2023-10-31,AMZN,0.04696344762680704,133.08999633789062,1224564700,23.507871391210873
2023-11-30,AMZN,0.0976782655173829,146.08999633789062,1025986900,25.90175776022744
2023-12-31,AMZN,0.04004385139407618,151.94000244140625,931128600,26.979007750217423
2010-06-30,GOOG,-0.02049493913948408,11.042533874511719,144668227,-0.02049493913948408
2010-07-31,GOOG,0.08967300622440577,12.032751083374023,2782791635,0.06734022427989794
2010-08-31,GOOG,-0.07183655017169344,11.168359756469727,2122132569,-0.00933381529185151
2010-09-30,GOOG,0.1683702685213766,13.048779487609863,2396990959,0.15746491624250702
2010-10-31,GOOG,0.16719591406247214,15.23048210144043,3185812619,0.35098832090891574
2010-11-30,GOOG,-0.09449242025111837,13.791316986083984,2346438185,0.2233301647352377
2010-12-31,GOOG,0.06884891783860381,14.74083423614502,1697747812,0.3075551227365798
2011-01-31,GOOG,0.010758183165624269,14.899418830871582,2408369449,0.3216220402461303
2011-02-28,GOOG,0.021720171696236523,15.223036766052246,1681037411,0.3503278978778066
2011-03-31,GOOG,-0.043430134519563235,14.561898231506348,2414576630,0.2916829756274544
2011-04-30,GOOG,-0.07270419248297433,13.50318717956543,2820199328,0.1977722079404549
2011-05-31,GOOG,-0.02771549753310898,13.128939628601074,1819912003,0.1645753552660547
2011-06-30,GOOG,-0.042796195541833226,12.567070960998535,2373868616,0.11473596063888869
2011-07-31,GOOG,0.1921679701862158,14.982059478759766,3254372638,0.3289525074884452
2011-08-31,GOOG,-0.10391087668178178,13.425260543823242,4287032849,0.19085988736686876
2011-09-30,GOOG,-0.047914864428858506,12.781991004943848,2353978341,0.13379999730991954
2011-10-31,GOOG,0.1506678149763092,14.707825660705566,3100196907,0.30462716552475033
2011-11-30,GOOG,0.011389760770023738,14.875344276428223,2421060842,0.3194865568341514
2011-12-31,GOOG,0.07759549360687568,16.029603958129883,2210153263,0.4218727675193341
2012-01-31,GOOG,-0.10185778918909993,14.39686393737793,2956745222,0.2770439509116276
2012-02-29,GOOG,0.0657461881482011,15.343402862548828,1901685367,0.36100472278178564
2012-03-31,GOOG,0.03718554684634978,15.913955688476562,1900304210,0.4116144276588911
2012-04-30,GOOG,-0.05674941295591196,15.010848045349121,2363935524,0.3315061375691535
2012-05-31,GOOG,-0.039662732214677865,14.41547679901123,2355728878,0.2786949661925482
2012-06-30,GOOG,-0.0013601069561804957,14.395870208740234,1867144380,0.27695580427419664
2012-07-31,GOOG,0.09119596183254441,15.708715438842773,2059153390,0.3934090170626323
2012-08-31,GOOG,0.08234203196715395,17.0022029876709,1889588194,0.5081451468889242
2012-09-30,GOOG,0.10131521571954205,18.72478485107422,2416126416,0.6609431977823559
2012-10-31,GOOG,-0.09834341430023719,16.883325576782227,2882716781,0.49760037275368485
2012-11-30,GOOG,0.02656182834419263,17.331777572631836,1874166603,0.5373793767829671
2012-12-31,GOOG,0.012901400409361052,17.555381774902344,1674071398,0.5572137237039381
2013-01-31,GOOG,0.06829430786968738,18.754314422607422,2104065102,0.6635625571694772
2013-02-28,GOOG,0.06022316235420244,19.883758544921875,1860563808,0.7637475551362669
2013-03-31,GOOG,-0.008749411020779974,19.709787368774414,1708335347,0.7483158028394838
2013-04-30,GOOG,0.03825286528757399,20.463743209838867,2150117073,0.8151938917256394
2013-05-31,GOOG,0.05657488492524121,21.621477127075195,1984101129,0.9178882772670183
2013-06-30,GOOG,0.010502580258208383,21.84855842590332,1950507679,0.9380310528252922
2013-07-31,GOOG,0.00838284837358727,22.03171157836914,2057503228,0.9542772732844302
2013-08-31,GOOG,-0.04601530158267342,21.017915725708008,1344504713,0.8643506151780824
2013-09-30,GOOG,0.034254369164460785,21.737871170043945,1329906200,0.9282127694023821
2013-10-31,GOOG,0.17658215103135388,25.576391220092773,2217259798,1.2687007278695788
2013-11-30,GOOG,0.028149144685498673,26.296344757080078,1054200647,1.3325627129064759
2013-12-31,GOOG,0.05768268593177672,27.813188552856445,1358802104,1.467111195291233
2014-01-31,GOOG,0.0537694756476097,29.30868911743164,2188640930,1.59976647062639
2014-02-28,GOOG,0.029365697192160978,30.16935920715332,1627931099,1.6761104255731376
2014-03-31,GOOG,-0.0827507851621686,27.672821044921875,1431962004,1.4546601866762954
2014-04-30,GOOG,-0.05441951106273468,26.166879653930664,1347112369,1.3210787794922103
2014-05-31,GOOG,0.06309579406808652,27.817899703979492,732559737,1.4675290881788565
2014-06-30,GOOG,0.027487572328904974,28.58254623413086,760049001,1.5353554724638498
2014-07-31,GOOG,-0.00639698972726066,28.399703979492188,692217279,1.5191368295515444
2014-08-31,GOOG,4.440892098500626e-16,28.399703979492188,553182606,1.5191368295515457
2014-09-30,GOOG,0.01007701739144018,28.685888290405273,670345396,1.544522215194354
2014-10-31,GOOG,-0.03166140580107324,27.777652740478516,1043268450,1.4639590647692398
2014-11-30,GOOG,-0.03085421145618228,26.920595169067383,570413781,1.3879355507654725
2014-12-31,GOOG,-0.028477530874169044,26.153963088989258,917297545,1.3199330423930227
2015-01-31,GOOG,0.01542552334200864,26.557401657104492,1004562476,1.3557192236903535
2015-02-28,GOOG,0.04467561020120514,27.74386978149414,651908915,1.4609624174714293
2015-03-31,GOOG,-0.018624648334382488,27.227149963378906,772972385,1.4151278578818922
2015-04-30,GOOG,-0.016760435192815448,26.770811080932617,847552576,1.3746492639374996
2015-05-31,GOOG,-0.0097331680870415,26.51024627685547,637318000,1.3515364035038266
2015-06-30,GOOG,-0.02180005128425022,25.932321548461914,686410000,1.3002727893106618
2015-07-31,GOOG,0.20191740147197623,31.168508529663086,1266380000,1.7647378936049654
2015-08-31,GOOG,-0.011764504299695,30.80182647705078,1074348000,1.7322121227681202
2015-09-30,GOOG,-0.01589978046975926,30.312084197998047,959100000,1.6887705498192922
2015-10-31,GOOG,0.16828844125524722,35.41325759887695,988772000,2.141259554541395
2015-11-30,GOOG,0.04472361500502031,36.997066497802734,678696000,2.2817480374895456
2015-12-31,GOOG,0.02192305063051081,37.80815505981445,862006000,2.3536939658720084
2016-01-31,GOOG,-0.020991645697924555,37.01449966430664,931224000,2.283294410361156
2016-02-29,GOOG,-0.060811414544730824,34.76359558105469,1287340000,2.083632632900286
2016-03-31,GOOG,0.0676154287447428,37.11415100097656,834848000,2.292133775465119
2016-04-30,GOOG,-0.06972293450719502,34.52644348144531,843080000,2.0625965478494397
2016-05-31,GOOG,0.06162978267354613,36.654300689697266,699930000,2.2513437075101534
2016-06-30,GOOG,-0.059288946845594825,34.48110580444336,787250000,2.058574963258825
2016-07-31,GOOG,0.11080764884226846,38.301876068115234,598296000,2.397488463745363
2016-08-31,GOOG,-0.0022632097840296073,38.21519088745117,527708000,2.3897992346130867
2016-09-30,GOOG,0.013349726683771213,38.7253532409668,551028000,2.4350521279080284
2016-10-31,GOOG,0.009327280702713603,39.08655548095703,679126000,2.4670918233334804
2016-11-30,GOOG,-0.0337776365453073,37.76630401611328,852844000,2.349981655855715
2016-12-31,GOOG,0.018178402276314953,38.45283508300781,641946000,2.410878970014136
2017-01-31,GOOG,0.03235210085534179,39.69686508178711,664002000,2.5212280704573975
2017-02-28,GOOG,0.03315800676417502,41.01313400268555,513672000,2.637984974635827
2017-03-31,GOOG,0.007713824137570935,41.32950210571289,676702000,2.6660477509452933
2017-04-30,GOOG,0.09209692825947546,45.13582229614258,504374000,3.0036794876599133
2017-05-31,GOOG,0.06501390076220703,48.07027816772461,643602000,3.263974308554319
2017-06-30,GOOG,-0.05817431248355809,45.27382278442383,871752000,3.0159205347066163
2017-07-31,GOOG,0.023956584709419193,46.358428955078125,733584000,3.112128275182611
2017-08-31,GOOG,0.009489504454361475,46.79834747314453,559160000,3.1511503347668626
2017-09-30,GOOG,0.021057627927700828,47.783809661865234,561076000,3.2385637139883343
2017-10-31,GOOG,0.05998272905378843,50.6500129699707,635594000,3.4928043328217155
2017-11-30,GOOG,0.004691888148133705,50.887657165527344,485310000,3.5138840682227652
2017-12-31,GOOG,0.024466086462155978,52.1326789855957,563274000,3.624321146116052
2018-01-31,GOOG,0.11806199629174596,58.287567138671875,574768000,4.170277732120647
2018-02-28,GOOG,-0.05573787400515273,55.03874206542969,847640000,3.88209744331606
2018-03-31,GOOG,-0.06602515817077781,51.40480041503906,907066000,3.5597561874159673
2018-04-30,GOOG,-0.014014586515042615,50.684383392333984,834318000,3.495853089839925
2018-05-31,GOOG,0.0665074988670924,54.055274963378906,636988000,3.7948610341190676
2018-06-30,GOOG,0.028258326272774026,55.582786560058594,641920000,3.930355781653815
2018-07-31,GOOG,0.09107692468183037,60.64509582519531,638802000,4.379397423834127
2018-08-31,GOOG,0.0007640075814510094,60.691429138183594,576168000,4.383507324249575
2018-09-30,GOOG,-0.02029234135689384,59.45985794067383,577248000,4.274263355928564
2018-10-31,GOOG,-0.09778210045585922,53.645748138427734,969894000,3.7585348066285
2018-11-30,GOOG,0.016400942877331737,54.52558898925781,734702000,3.8365792641718093
2018-12-31,GOOG,-0.05374498830102159,51.59511184692383,805152000,3.576637368201932
2019-01-31,GOOG,0.07798312635038185,55.61865997314453,614280000,3.933537858346302
2019-02-28,GOOG,0.0031798826043551998,55.7955207824707,578654000,3.9492259295599847
2019-03-31,GOOG,0.047673049550400304,58.45546340942383,632186000,4.185170622536024
2019-04-30,GOOG,0.012929277293695973,59.21125030517578,557104000,4.2522111313299185
2019-05-31,GOOG,-0.07139376340769177,54.98393630981445,666348000,3.8772360124525047
2019-06-30,GOOG,-0.02058651246531995,53.85200881958008,681936000,3.776830732485844
2019-07-31,GOOG,0.12560702603481588,60.6161994934082,658972000,4.376834234665102
2019-08-31,GOOG,-0.02349017848956081,59.19231414794922,577648000,4.250531438784038
2019-09-30,GOOG,0.026007948747527543,60.73178482055664,537988000,4.387086991341215
2019-10-31,GOOG,0.03372437489765523,62.77992630004883,575166000,4.568763132643488
2019-11-30,GOOG,0.03559211517312533,65.01439666748047,498474000,4.766967191432389
2019-12-31,GOOG,0.024567899307720964,66.61166381835938,547142000,4.9086494607024305
2020-01-31,GOOG,0.07270639396242573,71.45475769042969,673832000,5.338246056178136
2020-02-29,GOOG,-0.06616801829822361,66.72673797607422,741612000,4.918856875154297
2020-03-31,GOOG,-0.13179723043898772,57.93233871459961,1427842000,4.1387679316442
2020-04-30,GOOG,0.1598283093368731,67.19156646728516,926702000,4.960088522233432
2020-05-31,GOOG,0.05951106929052363,71.1902084350586,637326000,5.314779763257721
2020-06-30,GOOG,-0.01071445067823662,70.42744445800781,776568000,5.247120366940369
2020-07-31,GOOG,0.04905879775965194,73.88253021240234,704940000,5.553596581602299
2020-08-31,GOOG,0.10197181289292634,81.41646575927734,756618000,6.221878705997171
2020-09-30,GOOG,-0.10071116128042601,73.2169189453125,811352000,5.494554914889815
2020-10-31,GOOG,0.10302804467541327,80.76031494140625,785084000,6.163676208808008
2020-11-30,GOOG,0.0861994464837279,87.72180938720703,700708000,6.781181132795909
2020-12-31,GOOG,-0.005031974174702025,87.2803955078125,629318000,6.742026430287001
2021-01-31,GOOG,0.04786863934456065,91.45838928222656,661654000,7.112626701274465
2021-02-28,GOOG,0.10955789941534788,101.47837829589844,588580000,8.001429041406958
2021-03-31,GOOG,0.015597504363214387,103.06118774414062,695884000,8.141828870155468
2021-04-30,GOOG,0.16508025059303733,120.07455444335938,614494000,9.650964270919395
2021-05-31,GOOG,0.0005975825261150813,120.14630889892578,509114000,9.657329101053973
2021-06-30,GOOG,0.039294017704168294,124.86734008789062,548656000,10.076098379429936
2021-07-31,GOOG,0.07904018253747291,134.73687744140625,456776000,10.951555217143087
2021-08-31,GOOG,0.07573535840299317,144.94122314453125,372312000,11.856710534986581
2021-09-30,GOOG,-0.08384672784167524,132.7883758544922,505198000,10.778717425820362
2021-10-31,GOOG,0.11259478542690249,147.73965454101562,496572000,12.104939586984724
2021-11-30,GOOG,-0.03924246658788344,141.94198608398438,443172000,11.590669433106244
2021-12-31,GOOG,0.0156368686917554,144.16151428222656,479260000,11.787548077773025
2022-01-31,GOOG,-0.06207507825392411,135.21267700195312,615510000,10.993760030169447
2022-02-28,GOOG,-0.00595082120023549,134.40805053710938,732650000,10.922387308711379
2022-03-31,GOOG,0.03527668408229001,139.14952087402344,637420000,11.342969599307494
2022-04-30,GOOG,-0.1767496375545372,114.55489349365234,564940000,9.161354196283224
2022-05-31,GOOG,-0.008067498642518545,113.63072204589844,717486000,9.079377485098558
2022-06-30,GOOG,-0.04092029935128727,108.98091888427734,627132000,8.6669263411337
2022-07-31,GOOG,0.06644720966243689,116.22239685058594,638766600,9.309266622514343
2022-08-31,GOOG,-0.0642146500522337,108.75921630859375,430961500,8.647260674054412
2022-09-30,GOOG,-0.11910218860537936,95.80575561523438,532993100,7.498250813727925
2022-10-31,GOOG,-0.015496455809665965,94.32110595703125,584537500,7.366558045533532
2022-11-30,GOOG,0.0717302700929292,101.08678436279297,603449000,7.966693513887822
2022-12-31,GOOG,-0.12538190640097824,88.4123306274414,498585400,6.842432387003281
2023-01-31,GOOG,0.1255493757065811,99.51244354248047,526178100,7.827044877212614
2023-02-28,GOOG,-0.09582455966839643,89.9767074584961,754400500,6.981197188680541
2023-03-31,GOOG,0.15171654515689226,103.6276626586914,725477100,8.192076852363055
2023-04-30,GOOG,0.04057680789917484,107.8325424194336,461670700,8.565061988995842
2023-05-31,GOOG,0.13999272808419083,122.92831420898438,620317400,9.904101111129766
2023-06-30,GOOG,-0.019453764353798864,120.53689575195312,521386300,9.69197529762385
2023-07-31,GOOG,0.1003555159018803,132.63343811035156,525456900,10.764973994627052
2023-08-31,GOOG,0.03185337768694363,136.85826110839844,463482000,11.139728154754978
2023-09-30,GOOG,-0.040043736620098636,131.37794494628906,389593900,10.653608077886375
2023-10-31,GOOG,-0.04967761267876747,124.85140228271484,514877100,10.074684649482979
2023-11-30,GOOG,0.0687947335831296,133.44052124023438,405635900,10.836564629461336
2023-12-31,GOOG,0.0523447375107462,140.42543029785156,482059400,11.456146498019471
2010-06-30,MSFT,-0.01286994010966891,17.517593383789062,81050500,-0.01286994010966891
2010-07-31,MSFT,0.12168607087078476,19.649240493774414,1408590600,0.107250038316828
2010-08-31,MSFT,-0.08581177711483401,17.963104248046875,1279372100,0.012234944818392934
2010-09-30,MSFT,0.04345985916091144,18.743778228759766,1273139500,0.05622653295795321
2010-10-31,MSFT,0.08901584571214993,20.41227149963379,1281432800,0.15024743105281746
2010-11-30,MSFT,-0.0470486153451688,19.451902389526367,1361176300,0.09612988211744478
2010-12-31,MSFT,0.10490881951176778,21.492578506469727,1033710000,0.21112357408195903
2011-01-31,MSFT,-0.00644950822666146,21.353961944580078,1361258700,0.2033124226274139
2011-02-28,MSFT,-0.03580559050472043,20.589370727539062,1114368500,0.16022711077357354
2011-03-31,MSFT,-0.04477061092604129,19.667572021484375,1310885200,0.10828303421128482
2011-04-30,MSFT,0.020874420257360082,20.078121185302734,1313844800,0.13141780003151338
2011-05-31,MSFT,-0.028783425185323175,19.50020408630371,1364062800,0.09885172043096335
2011-06-30,MSFT,0.03958421017470837,20.272104263305664,1297757600,0.14234889788334248
2011-07-31,MSFT,0.05384572176807856,21.363670349121094,1259328200,0.2038594988008402
2011-08-31,MSFT,-0.023069507342208695,20.870820999145508,1719339500,0.17608705325426643
2011-09-30,MSFT,-0.064285904242802,19.52912139892578,1279920200,0.10048123356756355
2011-10-31,MSFT,0.06990771650504168,20.894357681274414,1218142500,0.17741336366292337
2011-11-30,MSFT,-0.03219588447328514,20.22164535522461,1046207400,0.1395054990291298
2011-12-31,MSFT,0.014855169314824002,20.52204132080078,1007166600,0.15643304615238063
2012-01-31,MSFT,0.13751935506057023,23.344219207763672,1354858100,0.31546497282998676
2012-02-29,MSFT,0.08191521365878973,25.256465911865234,984332300,0.42322156714000925
2012-03-31,MSFT,0.01638291326270047,25.67024040222168,942366500,0.4465380826280687
2012-04-30,MSFT,-0.0074391844203096635,25.47927474975586,940739700,0.43577701906039734
2012-05-31,MSFT,-0.08240062977234408,23.3797664642334,1014372600,0.3174680884771617
2012-06-30,MSFT,0.047961486510022855,24.501094818115234,973131400,0.38065581643004465
2012-07-31,MSFT,-0.03661354094738822,23.604022979736328,846604100,0.3301051181609336
2012-08-31,MSFT,0.05273784745201415,24.848848342895508,671748400,0.40025199897764807
2012-09-30,MSFT,-0.034393354044184865,23.994213104248047,893107700,0.35209263622573217
2012-10-31,MSFT,-0.04099435622507652,23.01058578491211,1105402300,0.29666446904699173
2012-11-30,MSFT,-0.05960996583769462,21.638925552368164,1310516100,0.21937034434414815
2012-12-31,MSFT,0.003380775844645356,21.712081909179688,947310900,0.22349276214998381
2013-01-31,MSFT,0.027705381809135732,22.313623428344727,1145054400,0.25739009626606313
2013-02-28,MSFT,0.021135307872241382,22.785228729248047,780587000,0.2839654230661537
2013-03-31,MSFT,0.02913672852770599,23.449115753173828,844946000,0.32137597503699333
2013-04-30,MSFT,0.15693776440549856,27.129167556762695,1465757200,0.5287497664984349
2013-05-31,MSFT,0.06177468171153677,28.805063247680664,1071860000,0.6231877967404618
2013-06-30,MSFT,-0.010315419348597366,28.50792694091797,945155500,0.6064439339355581
2013-07-31,MSFT,-0.07817004858171539,26.279460906982422,1111130600,0.48086813357601343
2013-08-31,MSFT,0.056386751464617246,27.761274337768555,1051265000,0.5643694769758356
2013-09-30,MSFT,-0.0035928786334057383,27.661531448364258,1242961500,0.558748887307257
2013-10-31,MSFT,0.06400248396685049,29.43193817138672,965331500,0.6585126879754857
2013-11-30,MSFT,0.08498094591522509,31.93309211730957,800431600,0.7994546650120451
2013-12-31,MSFT,-0.018882714912678233,31.330108642578125,826617700,0.7654760755743337
2014-01-31,MSFT,0.011493790332399945,31.690210342407227,930226200,0.7857680874238533
2014-02-28,MSFT,0.020013064258323388,32.32442855834961,705304500,0.8215067789079302
2014-03-31,MSFT,0.06995540885249607,34.585697174072266,778425700,0.9489310303540277
2014-04-30,MSFT,-0.01439375330959869,34.0878791809082,746112500,0.9208785978856899
2014-05-31,MSFT,0.02051514934142884,34.78719711303711,574362900,0.9602857091880692
2014-06-30,MSFT,0.018563906810369568,35.4329833984375,555767300,0.9966762704151357
2014-07-31,MSFT,0.03501173057908713,36.673553466796875,731616500,1.0665833620485672
2014-08-31,MSFT,0.0591698225625128,38.84352111816406,513919700,1.188862732891622
2014-09-30,MSFT,0.02047061476267964,39.638671875,860827300,1.2336700986650326
2014-10-31,MSFT,0.012726445091155725,40.143131256103516,853260900,1.2620967785274497
2014-11-30,MSFT,0.024740097693866092,41.13627624511719,523005900,1.3180612738211988
2014-12-31,MSFT,-0.028445435988704082,39.96613693237305,626771200,1.252123010238824
2015-01-31,MSFT,-0.13024780366450583,34.76063537597656,918966800,0.9587889345729219
2015-02-28,MSFT,0.09312036971598392,37.99755859375,656509700,1.1411920843559304
2015-03-31,MSFT,-0.0727481399144172,35.233306884765625,824335300,0.9854243430195626
2015-04-30,MSFT,0.19626199086204266,42.14826583862305,874535300,1.3750876772865452
2015-05-31,MSFT,-0.03033429074257543,40.869728088378906,633072800,1.303041077144627
2015-06-30,MSFT,-0.0578319233389154,38.50615310668945,664853400,1.1698517821248258
2015-07-31,MSFT,0.05775757202904619,40.73017501831055,725458100,1.2951771527232547
2015-08-31,MSFT,-0.061948619161386165,38.20699691772461,776480300,1.152994097381287
2015-09-30,MSFT,0.01700354492206535,38.856651306152344,673079900,1.1896026292330513
2015-10-31,MSFT,0.18933553949042792,46.21359634399414,856716800,1.6041722243085506
2015-11-30,MSFT,0.03944392133899122,48.036441802978516,662626600,1.7068909886773627
2015-12-31,MSFT,0.020791640080000118,49.03519821166992,792820900,1.7631716918497382
2016-01-31,MSFT,-0.00702995258467487,48.69048309326172,927914700,1.7437467258727186
2016-02-29,MSFT,-0.06978899425709262,45.292423248291016,814770900,1.5522634013778709
2016-03-31,MSFT,0.08549518126506905,49.16470718383789,641110900,1.7704696235148738
2016-04-30,MSFT,-0.09704852480553383,44.39334487915039,699025700,1.5015996335342128
2016-05-31,MSFT,0.07019639785317233,47.50959777832031,530704800,1.6772029166791307
2016-06-30,MSFT,-0.03452824056097292,45.86917495727539,823627000,1.5847638103414954
2016-07-31,MSFT,0.10768027055813234,50.808380126953125,647587800,1.8630918767679367
2016-08-31,MSFT,0.02007971702618061,51.82859802246094,467078900,1.9205819514733933
2016-09-30,MSFT,0.002436599827064345,51.95488357543945,526427800,1.9276982409512806
2016-10-31,MSFT,0.04027780133440895,54.04751205444336,614841800,2.045619489067415
2016-11-30,MSFT,0.012468176161159805,54.72138595581055,613056800,2.083592809376969
2016-12-31,MSFT,0.0311979540021341,56.42858123779297,513579700,2.179794596005223
2017-01-31,MSFT,0.04039279863313672,58.707889556884766,493453500,2.3082353988163984
2017-02-28,MSFT,-0.0043638950453349645,58.45169448852539,440744000,2.293798606750702
2017-03-31,MSFT,0.029383999398019833,60.16923904418945,489169700,2.390583583028663
2017-04-30,MSFT,0.039478082965167305,62.54460525512695,433191200,2.5244373230198027
2017-05-31,MSFT,0.026005061207233338,64.17108154296875,517218500,2.61609053132599
2017-06-30,MSFT,-0.013029792301349041,63.33494567871094,629716800,2.5689736227599376
2017-07-31,MSFT,0.054692933923014,66.79891967773438,469851200,2.764171261282527
2017-08-31,MSFT,0.033952725314054355,69.06692504882812,444070500,2.89197513415191
2017-09-30,MSFT,-0.0037446121284825384,68.80829620361328,375983900,2.8774011968608124
2017-10-31,MSFT,0.11665989011226685,76.83546447753906,449950000,3.3297383944077668
2017-11-30,MSFT,0.016983852015167278,78.14042663574219,421926000,3.403274030562776
2017-12-31,MSFT,0.01627666880621792,79.41229248046875,466203300,3.474944663621266
2018-01-31,MSFT,0.11070834015453235,88.20389556884766,574258400,3.970358359614159
2018-02-28,MSFT,-0.008415058098906192,87.46165466308594,725663300,3.928532505245622
2018-03-31,MSFT,-0.026661202497537118,85.12982177734375,750754800,3.7971319021075747
2018-04-30,MSFT,0.024652415062875077,87.22847747802734,668130700,3.91539278886969
2018-05-31,MSFT,0.06146698420942265,92.59014892578125,509417900,4.217527159806253
2018-06-30,MSFT,-0.0023267185103201804,92.37471771240234,602585200,4.205387442785434
2018-07-31,MSFT,0.07575287177894952,99.37236785888672,569352300,4.599710490298513
2018-08-31,MSFT,0.0629927903670926,105.63211059570312,456628100,4.9524518793302965
2018-09-30,MSFT,0.01816081746068665,107.55047607421875,480255500,5.060553271354335
2018-10-31,MSFT,-0.06610133493595993,100.44124603271484,927548000,4.659942609667315
2018-11-30,MSFT,0.0426839731151496,104.72847747802734,720228600,4.901531447851644
2018-12-31,MSFT,-0.08404767519360234,95.9262924194336,944314600,4.40552144957778
2019-01-31,MSFT,0.028158190749551615,98.62740325927734,714212800,4.557731153655784
2019-02-28,MSFT,0.0773573519773012,106.2569580078125,469095900,4.987662518704346
2019-03-31,MSFT,0.052754113643752154,111.8624496459961,589095800,5.303536347676511
2019-04-30,MSFT,0.10734260285151365,123.87005615234375,433157700,5.9801743464052315
2019-05-31,MSFT,-0.0494806692528702,117.74088287353516,547218800,5.634790648243385
2019-06-30,MSFT,0.08311752840573883,127.52721405029297,508324300,6.186258048414885
2019-07-31,MSFT,0.017243837318108524,129.7262725830078,484079900,6.310176713127699
2019-08-31,MSFT,0.015036920084956273,131.6769561767578,584482000,6.420099256169909
2019-09-30,MSFT,0.008486738811537053,132.79446411132812,472544800,6.483071700512704
2019-10-31,MSFT,0.031216440467903617,136.93983459472656,549523400,6.716666562768813
2019-11-30,MSFT,0.05946232704725585,145.0825958251953,392371800,7.1755175136387965
2019-12-31,MSFT,0.04174910048061031,151.13966369628906,450303300,7.516838015796692
2020-01-31,MSFT,0.0794548135811799,163.1484375,558530000,8.193541792642923
2020-02-29,MSFT,-0.04568814196954507,155.69448852539062,887522300,7.773505950017707
2020-03-31,MSFT,-0.026541334357286672,151.56214904785156,1612695500,7.540645395112643
2020-04-30,MSFT,0.1363261251108332,172.22402954101562,984705000,8.70495848777403
2020-05-31,MSFT,0.025390998428794553,176.5969696044922,688845000,8.951377073488617
2020-06-30,MSFT,0.11055934098872244,196.1214141845703,764965400,10.0515947646638
2020-07-31,MSFT,0.00737064531094811,197.56695556640625,770190800,10.133052149794468
2020-08-31,MSFT,0.10275207704073286,217.86737060546875,692423900,11.276996381988646
2020-09-30,MSFT,-0.06739686833509861,203.1837921142578,768176300,10.449565273281275
2020-10-31,MSFT,-0.03736974266687998,195.5908660888672,631618000,10.021697965371109
2020-11-30,MSFT,0.06006033744250283,207.33811950683594,573443000,10.683664864360644
2020-12-31,MSFT,0.03900586328739908,215.42552185058594,594761700,11.139396298755683
2021-01-31,MSFT,0.042892021016669,224.66555786132812,648076400,11.660079539931585
2021-02-28,MSFT,0.004117991681700239,225.59072875976562,490962200,11.712213642166686
2021-03-31,MSFT,0.014587961267598093,228.8816375732422,724945800,11.897658922404046
2021-04-30,MSFT,0.0696017269881628,244.81219482421875,568661600,12.795358257507655
2021-05-31,MSFT,-0.007627206960453936,242.94496154785156,495084900,12.690138204984036
2021-06-30,MSFT,0.0849887897861783,263.5925598144531,508572200,13.853646483031152
2021-07-31,MSFT,0.05171625121955148,277.2245788574219,522672700,14.621821396073999
2021-08-31,MSFT,0.06159138582324397,294.2992248535156,441308900,15.583991024941401
2021-09-30,MSFT,-0.06611889733675114,274.8404846191406,502918700,14.487475824929698
2021-10-31,MSFT,0.17629100153864563,323.2923889160156,516515800,17.217778449412116
2021-11-30,MSFT,-0.001282089403600195,322.8778991699219,509885200,17.194421628704987
2021-12-31,MSFT,0.017332600004366094,328.4742126464844,625674800,17.509778261106117
2022-01-31,MSFT,-0.07534485015621817,303.7253723144531,947531400,16.11516179159825
2022-02-28,MSFT,-0.03721185679177441,292.4231872558594,697050600,15.478274842041248
2022-03-31,MSFT,0.031861519623573864,301.740234375,734334200,16.003297719283587
2022-04-30,MSFT,-0.09986706345353491,271.6063232421875,627343400,14.305228307032548
2022-05-31,MSFT,-0.01807719913581962,266.6964416503906,742902000,14.028552647107137
2022-06-30,MSFT,-0.05532045658201534,251.9426727294922,621372300,13.197166252902315
2022-07-31,MSFT,0.09309658255565956,275.3976745605469,534891800,14.518873913022059
2022-08-31,MSFT,-0.06666318714580777,257.0387878417969,477157600,13.484336317066075
2022-09-30,MSFT,-0.10926677800933615,228.95298767089844,575586600,11.901679556096651
2022-10-31,MSFT,-0.003306038929364541,228.19606018066406,671225100,11.85902610123001
2022-11-30,MSFT,0.10222294706065038,251.52293395996094,615296000,13.173513645627565
2022-12-31,MSFT,-0.060045534384138066,236.42010498046875,591358700,12.322457444674985
2023-01-31,MSFT,0.03331677211374551,244.29685974121094,666168100,12.766318723354294
2023-02-28,MSFT,0.009017916596998354,246.49990844726562,615501000,12.8904622374492
2023-03-31,MSFT,0.15588137088725973,284.9246520996094,747635000,15.055726533280495
2023-04-30,MSFT,0.06576509967266886,303.6627502441406,551497100,16.1116329890588
2023-05-31,MSFT,0.07110543362939037,325.25482177734375,600807200,17.32836307285281
2023-06-30,MSFT,0.036998672352563045,337.288818359375,547588700,18.006488172944106
2023-07-31,MSFT,-0.01356661249986435,332.71295166015625,666764400,17.748634512918517
2023-08-31,MSFT,-0.022225783130187082,325.3181457519531,479456700,17.33193142824725
2023-09-30,MSFT,-0.03664269080044391,313.3976135253906,416680700,16.660200133147043
2023-10-31,MSFT,0.0708155373632362,335.5910339355469,540907000,17.910816695518147
2023-11-30,MSFT,0.12294538507965203,376.85040283203125,563880300,20.235814336319336
2023-12-31,MSFT,-0.007574441027242251,373.9959716796875,522003700,20.07496491296342
2010-06-30,NVDA,-0.025763190717925877,0.2340860515832901,623072000,-0.025763190717925877
2010-07-31,NVDA,-0.09990222957189077,0.21070033311843872,19236568000,-0.12309162009621
2010-08-31,NVDA,0.01523402636235427,0.21391014754772186,19412856000,-0.10973277471938625
2010-09-30,NVDA,0.25187514798575306,0.2677887976169586,17533164000,0.11450341439503409
2010-10-31,NVDA,0.02911011862332402,0.2755841612815857,15803184000,0.14694674099417315
2010-11-30,NVDA,0.132278873199835,0.3120381236076355,14539300000,0.2986635635131054
2010-12-31,NVDA,0.13152163718539178,0.35307788848876953,11204136000,0.46946592153936395
2011-01-31,NVDA,0.5532459302215655,0.548416793346405,32736884000,1.2824419622302994
2011-02-28,NVDA,-0.0526755677456584,0.5195286273956299,24025764000,1.1622130360233038
2011-03-31,NVDA,-0.18534841383513345,0.42323482036590576,27597580000,0.7614502794227362
2011-04-30,NVDA,0.08342358262605565,0.4585425853729248,15322072000,0.9083967723498476
2011-05-31,NVDA,0.0019999823217475843,0.45945966243743896,17162516000,0.9122135321574274
2011-06-30,NVDA,-0.20459089462037394,0.3654583990573883,15953784000,0.5209920549081541
2011-07-31,NVDA,-0.13237113472680517,0.3170822560787201,14551656000,0.3196566106895067
2011-08-31,NVDA,-0.037599552235228595,0.3051601052284241,22571904000,0.2700381130233218
2011-09-30,NVDA,-0.06010504055188792,0.2868184447288513,20084740000,0.1937024207376119
2011-10-31,NVDA,0.18305314925244454,0.33932146430015564,14851364000,0.4122134081238984
2011-11-30,NVDA,0.05608138391368378,0.35835108160972595,16166032000,0.49141229043294654
2011-12-31,NVDA,-0.11324399233649718,0.31776997447013855,9742340000,0.32251880844460024
2012-01-31,NVDA,0.06565655570958295,0.33863365650177,11596668000,0.4093508382682145
2012-02-29,NVDA,0.025727954545854193,0.3473460078239441,13078296000,0.44561055257434057
2012-03-31,NVDA,0.016501933333665342,0.35307788848876953,10325244000,0.4694659215393655
2012-04-30,NVDA,-0.1558444233163796,0.29805266857147217,9550924000,0.24045785241399087
2012-05-31,NVDA,-0.0438462679887226,0.28498417139053345,11370012000,0.18606840498833166
2012-06-30,NVDA,0.11182672030127705,0.31685301661491394,11529368000,0.31870254477114357
2012-07-31,NVDA,-0.0202605893645893,0.31043338775634766,8499872000,0.2919848540174965
2012-08-31,NVDA,0.03618893485052843,0.3216676414012909,9917124000,0.33874040972740516
2012-09-30,NVDA,-0.04918044633861063,0.3058478832244873,8749448000,0.2729005588454769
2012-10-31,NVDA,-0.10194871606984346,0.27466708421707153,8135772000,0.14312998118659426
2012-11-30,NVDA,0.005611580701926577,0.27620840072631836,9985612000,0.14954474732881473
2012-12-31,NVDA,0.024226760074647524,0.28290003538131714,8037340000,0.1773944921174213
2013-01-31,NVDA,2.220446049250313e-16,0.28290003538131714,9181612000,0.17739449211742153
2013-02-28,NVDA,0.038961606733701304,0.2939222753047943,9901680000,0.22326767328972652
2013-03-31,NVDA,0.013428279844804436,0.29786914587020874,6613708000,0.2396940539317638
2013-04-30,NVDA,0.07326567835570974,0.3196927309036255,9386076000,0.33052107974661427
2013-05-31,NVDA,0.05617320157492589,0.3376508951187134,8291540000,0.40526070855890883
2013-06-30,NVDA,-0.02971680410503963,0.32761698961257935,9295708000,0.3635008513661546
2013-07-31,NVDA,0.02848985199857168,0.33695074915885925,5229992000,0.4023467888215029
2013-08-31,NVDA,0.026618779038847462,0.34591996669769287,7857064000,0.4396755481289798
2013-09-30,NVDA,0.054915040283797456,0.3649161756038666,4819932000,0.518735388850081
2013-10-31,NVDA,-0.0237788143382911,0.3562389016151428,5772612000,0.48262166200962264
2013-11-30,NVDA,0.03255326478822629,0.3678356409072876,6629476000,0.5308858375537819
2013-12-31,NVDA,0.026922873747945664,0.3777388334274292,6167976000,0.5721016836807604
2014-01-31,NVDA,-0.019974813038647343,0.37019357085227966,5421052000,0.5406992464714946
2014-02-28,NVDA,0.17598649453151705,0.4353426396846771,7722568000,0.8118415059853628
2014-03-31,NVDA,-0.02557107821744453,0.42421045899391174,7217988000,0.7655107651181985
2014-04-30,NVDA,0.031267218724333246,0.4374743402004242,6937008000,0.8207133763713141
2014-05-31,NVDA,0.03343335465828812,0.45210057497024536,5612600000,0.8815859324146256
2014-06-30,NVDA,-0.024210582243428314,0.44115495681762695,5277132000,0.8360316414498234
2014-07-31,NVDA,-0.05609495400299813,0.41640838980674744,6269036000,0.7330395309746465
2014-08-31,NVDA,0.11634502063253893,0.464855432510376,6079852000,0.9346700509628973
2014-09-30,NVDA,-0.051414031065600274,0.44095534086227417,5512388000,0.8352008648610045
2014-10-31,NVDA,0.059078848710929055,0.46700647473335266,6607212000,0.943622419110294
2014-11-30,NVDA,0.07772497458063077,0.5033045411109924,4643096000,1.0946904222299856
2014-12-31,NVDA,-0.043872199225750697,0.481223464012146,4257004000,1.0027917467096397
2015-01-31,NVDA,-0.04239427565680176,0.46082234382629395,4140352000,0.9178848413164638
2015-02-28,NVDA,0.15338281348220661,0.5315045714378357,4193540000,1.2120554142124584
2015-03-31,NVDA,-0.05122389207244871,0.504278838634491,7310444000,1.0987453264165636
2015-04-30,NVDA,0.06067813618631335,0.5348775386810303,5673652000,1.2260932811532563
2015-05-31,NVDA,0.0014609267290086603,0.5356589555740356,7081336000,1.2293454403289599
2015-06-30,NVDA,-0.09127865042162653,0.48676472902297974,7333832000,1.0258537972121258
2015-07-31,NVDA,-0.007956229289772687,0.48289191722869873,5480404000,1.0097356398939494
2015-08-31,NVDA,0.13155800928756878,0.5464202165603638,9469492000,1.2741324598726758
2015-09-30,NVDA,0.09653020864126316,0.5991662740707397,6480208000,1.4936549407020543
2015-10-31,NVDA,0.15091299122134894,0.6895882487297058,8052316000,1.869979866877297
2015-11-30,NVDA,0.12232808507912818,0.7739442586898804,7344816000,2.221059008208048
2015-12-31,NVDA,0.03909175694648215,0.8041990995407104,5627172000,2.346975864067194
2016-01-31,NVDA,-0.11134696716374837,0.7146539688110352,8138980000,1.9743002524330455
2016-02-29,NVDA,0.07457349116389933,0.7679482102394104,9000048000,2.1961042060266447
2016-03-31,NVDA,0.13616054848664239,0.8725124597549438,6577904000,2.6312875077396973
2016-04-30,NVDA,-0.0028064676776654585,0.8700637817382812,6734252000,2.6210964167209156
2016-05-31,NVDA,0.3183597346568343,1.147057056427002,10367836000,3.773907711115
2016-06-30,NVDA,0.006207408442050477,1.1541773080825806,8197900000,3.803541306142545
2016-07-31,NVDA,0.21463516458115128,1.4019043445587158,7210052000,4.834550184958808
2016-08-31,NVDA,0.07623529063626178,1.5087789297103882,9305120000,5.279348814040998
2016-09-30,NVDA,0.11705246806891756,1.6853852272033691,8665252000,6.014362090590127
2016-10-31,NVDA,0.038528972482457347,1.750321388244629,6551568000,6.284618254560466
2016-11-30,NVDA,0.29761121206094754,2.2712366580963135,12767464000,8.45260232270151
2016-12-31,NVDA,0.157700763269351,2.6294124126434326,18082228000,9.943284923873179
2017-01-31,NVDA,0.022859295710090377,2.689518928527832,13396840000,10.19344070998777
2017-02-28,NVDA,-0.06935267971909409,2.502993583679199,14206788000,9.417145601473319
2017-03-31,NVDA,0.07341339315753204,2.686746835708618,14288960000,10.181903607093535
2017-04-30,NVDA,-0.042504623067480485,2.572547674179077,9572572000,9.706621009097123
2017-05-31,NVDA,0.38544660648836926,3.5641274452209473,19209444000,13.83345174401069
2017-06-30,NVDA,0.0014546759342446425,3.56931209564209,23445520000,13.85502960928448
2017-07-31,NVDA,0.12416961574480445,4.01251220703125,15491016000,15.699572927747028
2017-08-31,NVDA,0.043561808840753224,4.187304496765137,14728216000,16.42703653134776
2017-09-30,NVDA,0.055063797242676404,4.417873382568359,14447336000,17.386635337450606
2017-10-31,NVDA,0.1568493824900541,5.110814094543457,11422664000,20.270567736199542
2017-11-30,NVDA,-0.028821567594568998,4.963512420654297,11830896000,19.65751663041581
2017-12-31,NVDA,-0.03592202696834701,4.785212993621826,10112216000,18.915456760918936
2018-01-31,NVDA,0.27028408364497514,6.078579902648926,11456216000,24.298287741915036
2018-02-28,NVDA,-0.014847926364162878,5.988325595855713,14915528000,23.922660628383678
2018-03-31,NVDA,-0.043016526987571635,5.730728626251221,14118440000,22.850574324860723
2018-04-30,NVDA,-0.028887332546804756,5.565183162689209,11144008000,22.161594852906187
2018-05-31,NVDA,0.12203639180244097,6.244338035583496,11978240000,24.98815231714485
2018-06-30,NVDA,-0.060629036650175716,5.865749835968018,8785540000,23.412515677838325
2018-07-31,NVDA,0.03360073175595324,6.062843322753906,6321876000,24.232794068617373
2018-08-31,NVDA,0.14691478464618601,6.953564643859863,10917836000,27.939864575229855
2018-09-30,NVDA,0.0012112998143958276,6.961987495422363,6340200000,27.97491942781847
2018-10-31,NVDA,-0.2497688068488242,5.223100185394287,12977976000,20.737888373791435
2018-11-30,NVDA,-0.22404991584985268,4.052865028381348,16162340000,15.867516312889972
2018-12-31,NVDA,-0.18313668587020804,3.3106367588043213,12451408000,12.778455276485632
2019-01-31,NVDA,0.07677934974945955,3.5648252964019775,16870992000,13.83635611316621
2019-02-28,NVDA,0.07421875966637437,3.829402208328247,11445728000,14.937492061854035
2019-03-31,NVDA,0.16400883917663123,4.457458019256592,12068540000,17.55138163430549
2019-04-30,NVDA,0.008019604690517435,4.4932050704956055,9437780000,17.700156381475544
2019-05-31,NVDA,-0.2507480684890713,3.3665425777435303,11180752000,13.011128288376971
2019-06-30,NVDA,0.21238772284135798,4.081554889678955,8233340000,15.986919919983489
2019-07-31,NVDA,0.0273395811810333,4.193142890930176,8415984000,16.45133519615159
2019-08-31,NVDA,-0.006188664603513305,4.1671929359436035,9450328000,16.34333473573912
2019-09-30,NVDA,0.0391617712164114,4.330387592315674,6347768000,17.022530442789776
2019-10-31,NVDA,0.15482232468470736,5.000828266143799,7696172000,19.812820502643397
2019-11-30,NVDA,0.07899692367015732,5.395878314971924,7321800000,21.456969295251405
2019-12-31,NVDA,0.08563272972364677,5.8579421043396,6543532000,23.380020877323904
2020-01-31,NVDA,0.004802281156810029,5.886073589324951,6125412000,23.497100592185713
2020-02-29,NVDA,0.14296640365340552,6.727584362030029,11848652000,26.999362963786215
2020-03-31,NVDA,-0.02395673555314959,6.566413402557373,15773952000,26.32858962960614
2020-04-30,NVDA,0.10880127446786436,7.280847549438477,11278304000,29.301975010716546
2020-05-31,NVDA,0.2146573158083771,8.843734741210938,12548876000,35.80651563020948
2020-06-30,NVDA,0.0705967695739862,9.468073844909668,9719464000,38.4049367329767
2020-07-31,NVDA,0.11760692869003297,10.581584930419922,8094452000,43.03923031736715
2020-08-31,NVDA,0.25999207253039835,13.33271312713623,9672544000,54.48908108022299
2020-09-30,NVDA,0.0119667135967787,13.49226188659668,15856552000,55.153103021258445
2020-10-31,NVDA,-0.073648352639468,12.498579025268555,8022356000,51.01751948814843
2020-11-30,NVDA,0.06921151162355899,13.363624572753906,7594820000,54.61773064283112
2020-12-31,NVDA,-0.025567524950088738,13.021949768066406,5120996000,53.19572292695322
2021-01-31,NVDA,-0.004997984547809198,12.956866264343262,6154172000,52.924853541206964
2021-02-28,NVDA,0.055794093134835965,13.67978286743164,6680324000,55.933541841967454
2021-03-31,NVDA,-0.026369513392504706,13.319053649902344,7648656000,54.43223204788297
2021-04-30,NVDA,0.12445446239592606,14.976669311523438,6718796000,61.331020686808465
2021-05-31,NVDA,0.08228117158136761,16.208967208862305,7054380000,66.45969009478152
2021-06-30,NVDA,0.23162218393684264,19.96332359313965,10273292000,82.08485084223742
2021-07-31,NVDA,-0.02517195047719245,19.46080780029297,7823077000,79.9934430914317
2021-08-31,NVDA,0.14821012660113597,22.345096588134766,6416386000,91.9974915458747
2021-09-30,NVDA,-0.07455887045159726,20.6790714263916,4998986000,85.06370362138232
2021-10-31,NVDA,0.2341667044064406,25.521421432495117,4971078000,105.21695746741406
2021-11-30,NVDA,0.27805389529224267,32.61775207519531,10811170000,134.75099623731901
2021-12-31,NVDA,-0.09981026947044802,29.362165451049805,11058505000,121.20165272199043
2022-01-31,NVDA,-0.16745428855783673,24.445344924926758,10682164000,100.73846190483769
2022-02-28,NVDA,-0.004124948961881203,24.34450912475586,10644270000,100.31879594201995
2022-03-31,NVDA,0.1191573587691308,27.245336532592773,11644599000,112.39167606013957
2022-04-30,NVDA,-0.3202741479640415,18.519359588623047,11114390000,76.07525362376377
2022-05-31,NVDA,0.006739806197614051,18.644176483154297,13833021000,76.59472589581989
2022-06-30,NVDA,-0.18797109090838438,15.139610290527344,10554791000,62.00916062044556
2022-07-31,NVDA,0.19816589976007593,18.1397647857666,10564476000,74.4954276279233
2022-08-31,NVDA,-0.16896983227206308,15.074691772460938,12069648000,61.73897788432543
2022-09-30,NVDA,-0.19553424567405764,12.127073287963867,13130578000,49.471359169352475
2022-10-31,NVDA,0.11187097549432812,13.48374080657959,12549277000,55.11763935415254
2022-11-30,NVDA,0.25415491790738964,16.91069984436035,10600603000,69.38021337736367
2022-12-31,NVDA,-0.13644157387760103,14.603377342224121,8946152000,59.777426294314786
2023-01-31,NVDA,0.33686886177408737,19.52280044555664,9454960000,80.2514487116391
2023-02-28,NVDA,0.18830939556859083,23.199127197265625,10393479000,95.55185990760022
2023-03-31,NVDA,0.1966625240565174,27.761526107788086,11263731000,114.53999237938014
2023-04-30,NVDA,-0.001007967346007832,27.733543395996094,7436450000,114.42353183990373
2023-05-31,NVDA,0.3634364311649969,37.812923431396484,11697819000,156.37264832425774
2023-06-30,NVDA,0.11821045715223688,42.282806396484375,10527050000,174.97574102592645
2023-07-31,NVDA,0.1046522684935578,46.70779800415039,8706845000,193.3920015241245
2023-08-31,NVDA,0.05619646380248433,49.332611083984375,13632152000,204.31614460126744
2023-09-30,NVDA,-0.1185780693348909,43.482845306396484,8579273000,179.97015257116587
2023-10-31,NVDA,-0.06250711151478039,40.76485824584961,10141101000,168.6582310635532
2023-11-30,NVDA,0.14688567930622698,46.75263214111328,9144618000,193.578595583216
2023-12-31,NVDA,0.05893428499300146,49.507965087890625,7411887000,205.04594598885524
2010-06-30,TSLA,-0.0025114782580187844,1.5886670351028442,257806500,-0.0025114782580187844
2010-07-31,TSLA,-0.16324005071020942,1.329332947731018,968637000,-0.16534155513003168
2010-08-31,TSLA,-0.02306870806356942,1.2986669540405273,225573000,-0.18459604712752986
2010-09-30,TSLA,0.047741290441497775,1.3606669902801514,270688500,-0.14566761018629992
2010-10-31,TSLA,0.07006341804199767,1.4559999704360962,98217000,-0.08581016281196374
2010-11-30,TSLA,0.6176738582783279,2.355333089828491,424726500,0.47886100112280694
2010-12-31,TSLA,-0.24624968987192286,1.775333046913147,553393500,0.11469193823263435
2011-01-31,TSLA,-0.09500527544837312,1.6066670417785645,426301500,0.00879032360076204
2011-02-28,TSLA,-0.008713727119612269,1.5926669836044312,439552500,-3.3306690738754696e-16
2011-03-31,TSLA,0.1615736641033685,1.850000023841858,488449500,0.16157366410336804
2011-04-30,TSLA,-0.005405400180747089,1.840000033378601,448423500,0.15529489360947268
2011-05-31,TSLA,0.09202872762420622,2.0093328952789307,455232000,0.26161521269909516
2011-06-30,TSLA,-0.03351005896826764,1.9420000314712524,595909500,0.21933841252628494
2011-07-31,TSLA,-0.0329557206247475,1.878000020980835,316531500,0.17915423645604567
2011-08-31,TSLA,-0.12176092558204687,1.6493330001831055,408235500,0.0355793252211658
2011-09-30,TSLA,-0.014146902687615759,1.6260000467300415,270322500,0.02092908528195525
2011-10-31,TSLA,0.20418197319521303,1.9579999446868896,324939000,0.22938440040720876
2011-11-30,TSLA,0.11474314537433217,2.1826670169830322,387702000,0.3704478333840693
2011-12-31,TSLA,-0.12767269168670436,1.9040000438690186,316927500,0.19547906967971307
2012-01-31,TSLA,0.017857100371840406,1.937999963760376,384148500,0.21682685941941804
2012-02-29,TSLA,0.1492946906592698,2.2273330688476562,347904000,0.39849264898233083
2012-03-31,TSLA,0.11463660465642045,2.4826669692993164,332452500,0.5588110978986285
2012-04-30,TSLA,-0.11036515683190173,2.208667039871216,341293500,0.38677266660773735
2012-05-31,TSLA,-0.10956834118448522,1.9666670560836792,512779500,0.2348262859275425
2012-06-30,TSLA,0.06067773862123893,2.0859999656677246,391906500,0.3097527525476891
2012-07-31,TSLA,-0.1236816972477166,1.8279999494552612,488151000,0.14776030913772242
2012-08-31,TSLA,0.04011653556144301,1.901332974433899,367231500,0.19380447639525866
2012-09-30,TSLA,0.026648171667929654,1.9520000219345093,499426500,0.2256171830201823
2012-10-31,TSLA,-0.0392761626676692,1.8753329515457153,264313500,0.17747964317159104
2012-11-30,TSLA,0.20227559688936103,2.254667043685913,356413500,0.41565504081919635
2012-12-31,TSLA,0.0014782019928814005,2.257999897003174,325714500,0.41774766492176796
2013-01-31,TSLA,0.10746997752445431,2.500667095184326,426969000,0.5701129746062579
2013-02-28,TSLA,-0.07144776240928441,2.322000026702881,663840000,0.45793191584085524
2013-03-31,TSLA,0.08785529450444174,2.5260000228881836,444825000,0.5860189536744786
2013-04-30,TSLA,0.42491409946679526,3.5993330478668213,1223221500,1.2599407691123385
2013-05-31,TSLA,0.8107057457667719,6.517333030700684,4968313500,3.092087735724289
2013-06-30,TSLA,0.09819965674161524,7.157332897186279,2686720500,3.4939293467289874
2013-07-31,TSLA,0.25074518579761595,8.95199966430664,3442923000,4.620760495735906
2013-08-31,TSLA,0.2585643195397136,11.266667366027832,3888999000,6.074088608611564
2013-09-30,TSLA,0.14420104965677472,12.891332626342773,2568159000,7.094179611338385
2013-10-31,TSLA,-0.17288091281684237,10.662667274475098,3876822000,5.69485045162673
2013-11-30,TSLA,-0.20420161069822895,8.485333442687988,4625827500,4.327751206020786
2013-12-31,TSLA,0.18188254093810774,10.028667449951172,2964568500,5.296776132857915
2014-01-31,TSLA,0.20594285562133985,12.093999862670898,2758984500,6.593552190866972
2014-02-28,TSLA,0.34948465786085814,16.320667266845703,3389311500,9.247382180240685
2014-03-31,TSLA,-0.14852338451721603,13.896666526794434,2500284000,7.725406296389929
2014-04-30,TSLA,-0.0026865067527075404,13.859333038330078,2478117000,7.701965433454561
2014-05-31,TSLA,-0.0005772553281033765,13.851332664489746,2022151500,7.696942177543127
2014-06-30,TSLA,0.15541226954370901,16.003999710083008,1850440500,9.048553699445511
2014-07-31,TSLA,-0.06981582596456393,14.886667251586914,1619290500,8.347005623169448
2014-08-31,TSLA,0.2077921295862688,17.979999542236328,1722708000,10.289239826862657
2014-09-30,TSLA,-0.10018534591858175,16.178667068481445,1992724500,9.158223429650592
2014-10-31,TSLA,-0.004038300546751583,16.113332748413086,2280787500,9.117201470420609
2014-11-30,TSLA,0.011667339604856775,16.301332473754883,1615827000,9.235242295826762
2014-12-31,TSLA,-0.09042199622703417,14.827333450317383,1904193000,8.309751255570733
2015-01-31,TSLA,-0.08457357946114596,13.573332786560059,1353076500,7.522392267994219
2015-02-28,TSLA,-0.001276991507778047,13.555999755859375,1600762500,7.511509245442037
2015-03-31,TSLA,-0.07165333192256729,12.584667205810547,1844851500,6.901631248316378
2015-04-30,TSLA,0.1974889322354232,15.069999694824219,1484176500,8.462115966464435
2015-05-31,TSLA,0.10948902799891669,16.719999313354492,1336917000,9.498113846445655
2015-06-30,TSLA,0.06961731534965199,17.884000778198242,982096500,10.22896434867021
2015-07-31,TSLA,-0.007865519769010954,17.74333381652832,1200915000,10.140642707600225
2015-08-31,TSLA,-0.06421193090073463,16.604000091552734,1728961500,9.425280527870026
2015-09-30,TSLA,-0.0026500015278088096,16.559999465942383,1204321500,9.397653518543335
2015-10-31,TSLA,-0.16694846898986182,13.795332908630371,1512180000,7.661781182535474
2015-11-30,TSLA,0.11274349821695862,15.350666999816895,1177326000,8.638340693844349
2015-12-31,TSLA,0.04234347420944906,16.000667572021484,897682500,9.04646152443603
2016-01-31,TSLA,-0.20336655637088685,12.74666690826416,1188708000,7.003347240498863
2016-02-29,TSLA,0.0038179392869091,12.795332908630371,2005587000,7.03390353435514
2016-03-31,TSLA,0.1971552400524743,15.317999839782715,1543830000,8.61782971422935
2016-04-30,TSLA,0.047830459391734026,16.05066680908203,2032609500,9.07785492781241
2016-05-31,TSLA,-0.07281110831721582,14.881999969482422,1549612500,8.344075141058275
2016-06-30,TSLA,-0.04905251604174787,14.152000427246094,1825092000,7.8857247453062165
2016-07-31,TSLA,0.10603918690237024,15.652667045593262,1110958500,8.827959772336758
2016-08-31,TSLA,-0.09702290457247598,14.133999824523926,934366500,7.874422569203196
2016-09-30,TSLA,-0.03763970529344607,13.60200023651123,1059478500,7.540391919048881
2016-10-31,TSLA,-0.030877817158579735,13.182000160217285,1381992000,7.276683258909879
2016-11-30,TSLA,-0.042128139186963676,12.626667022705078,1483290000,6.928001994572111
2016-12-31,TSLA,0.1282470872400494,14.246000289916992,1319901000,7.944745158009287
2017-01-31,TSLA,0.17895082974216003,16.795333862304688,1510194000,9.545414725867216
2017-02-28,TSLA,-0.007700561188844435,16.666000366210938,1793100000,9.464209114508934
2017-03-31,TSLA,0.11324450226739358,18.553333282470703,1605529500,10.649223267303421
2017-04-30,TSLA,0.12853035120778733,20.937999725341797,1754259000,12.146502025147857
2017-05-31,TSLA,0.08577703460392083,22.733999252319336,2220694500,13.27416998427948
2017-06-30,TSLA,0.06040877199179162,24.107332229614258,2789266500,14.136455064231894
2017-07-31,TSLA,-0.10547270255162822,21.564666748046875,2724600000,12.539972241556077
2017-08-31,TSLA,0.10025662262199098,23.726667404174805,2054124000,13.897444128889997
2017-09-30,TSLA,-0.04158475424505015,22.739999771118164,1672690500,13.277937575910741
2017-10-31,TSLA,-0.028056310233194215,22.101999282836914,1845550500,12.877351329790809
2017-11-30,TSLA,-0.06841006150168305,20.59000015258789,2232192000,11.928000871839357
2017-12-31,TSLA,0.008094513338934517,20.75666618347168,1648270500,12.032646747342218
2018-01-31,TSLA,0.13797978418688173,23.62066650390625,1864072500,13.830888532924364
2018-02-28,TSLA,-0.03175185593835661,22.87066650390625,1637850000,13.359980296789125
2018-03-31,TSLA,-0.2242464566214678,17.742000579833984,2359027500,10.13980559808007
2018-04-30,TSLA,0.10434740448152757,19.593332290649414,2854662000,11.302215398668515
2018-05-31,TSLA,-0.031201019338043534,18.98200035095215,2333671500,10.918373738113882
2018-06-30,TSLA,0.2044743612738502,22.863332748413086,3201376500,13.355375595637748
2018-07-31,TSLA,-0.13066044791465647,19.875999450683594,2584923000,11.479695790328591
2018-08-31,TSLA,0.011806542102352102,20.110666275024414,4160403000,11.627037844101652
2018-09-30,TSLA,-0.12229000204006524,17.65133285522461,2941131000,10.08287736038648
2018-10-31,TSLA,0.2740114899082402,22.488000869750977,4295410500,13.119713098376284
2018-11-30,TSLA,0.0390133695057826,23.365333557128906,1995286500,13.670570682798877
2018-12-31,TSLA,-0.05044512057144668,22.18666648864746,2196768000,12.930511975853156
2019-01-31,TSLA,-0.07746391633639815,20.468000411987305,2634781500,11.851399961632474
2019-02-28,TSLA,0.04188646728344558,21.325332641601562,1928251500,12.389699705671866
2019-03-31,TSLA,-0.12510938574404162,18.657333374023438,3206902500,10.714522600198084
2019-04-30,TSLA,-0.14710923820280453,15.912667274475098,3461209500,8.991208104573406
2019-05-31,TSLA,-0.22426582233190795,12.343999862670898,4238982000,6.750521602912028
2019-06-30,TSLA,0.20684812952665044,14.897333145141602,3224559000,8.353702499330277
2019-07-31,TSLA,0.08122252974300004,16.107332229614258,2990050500,9.113433878789303
2019-08-31,TSLA,-0.066222365951634,15.040666580200195,2006859000,8.443698359440464
2019-09-30,TSLA,0.06763888947011454,16.058000564575195,2036629500,9.08245962896376
2019-10-31,TSLA,0.3074272210164204,20.994667053222656,3419739000,12.182082173706338
2019-11-30,TSLA,0.047694647129001844,21.996000289916992,2366562000,12.810796931406767
2019-12-31,TSLA,0.2678971533628458,27.8886661529541,3106200000,16.510670115002966
2020-01-31,TSLA,0.5551598573434693,43.371334075927734,6108277500,26.231891238036564
2020-02-29,TSLA,0.026776468870538972,44.53266525268555,7088802000,26.961065126057754
2020-03-31,TSLA,-0.21555707136843094,34.93333435058594,6314025000,20.933859815142778
2020-04-30,TSLA,0.4921373194880214,52.12533187866211,5722162500,31.728330790593176
2020-05-31,TSLA,0.06793886833783347,55.66666793823242,4090554000,33.95185654709235
2020-06-30,TSLA,0.2931856328270819,71.98733520507812,3836590500,44.199238727333004
2020-07-31,TSLA,0.32501088439815295,95.38400268554688,5679502500,58.88948328022675
2020-08-31,TSLA,0.7414521252787121,166.10667419433594,4672135200,103.29466794019477
2020-09-30,TSLA,-0.1390874140992715,143.00332641601562,5208854400,88.78859227205089
2020-10-31,TSLA,-0.09549891131606025,129.34666442871094,2500999200,80.21387946146841
2020-11-30,TSLA,0.4627358021475634,189.1999969482422,2347796400,117.79444911958652
2020-12-31,TSLA,0.2432522802897652,235.22332763671875,3589038000,146.69146975369242
2021-01-31,TSLA,0.12450585757436783,264.510009765625,2117084400,165.0799228517947
2021-02-28,TSLA,-0.14874045049393958,225.1666717529297,1568573700,140.37712030882003
2021-03-31,TSLA,-0.011206569460841531,222.64332580566406,2827357200,138.7927677899055
2021-04-30,TSLA,0.06214724771921709,236.47999572753906,2035619100,147.48050355909976
2021-05-31,TSLA,-0.11871335524117299,208.4066619873047,1875527400,129.8538847937001
2021-06-30,TSLA,0.08713734718910104,226.56666564941406,1559765700,141.2561451840114
2021-07-31,TSLA,0.011034279878878728,229.06666564941406,1345349400,142.82583930446216
2021-08-31,TSLA,0.07060538379906944,245.24000549316406,1143974700,152.980717888777
2021-09-30,TSLA,0.054042331503593166,258.49334716796875,1170513900,161.30219489008354
2021-10-31,TSLA,0.436529595729082,371.3333435058594,1586803800,232.15190641139438
2021-11-30,TSLA,0.027612188873778143,381.586669921875,1947334500,238.58974088750725
2021-12-31,TSLA,-0.07685451947850885,352.260009765625,1530167700,220.17618647961743
2022-01-31,TSLA,-0.11360931817914022,312.239990234375,1916006400,195.0485107362057
2022-02-28,TSLA,-0.0707681586632628,290.1433410644531,1391126700,181.17451862272952
2022-03-31,TSLA,0.23800880933275614,359.20001220703125,1729272900,224.53365889089338
2022-04-30,TSLA,-0.19194510982164725,290.2533264160156,1520959800,181.24357596660292
2022-05-31,TSLA,-0.12919748573786127,252.75332641601562,1948221600,157.6981641598409
2022-06-30,TSLA,-0.11188774122303702,224.47332763671875,2011227900,139.94178503575358
2022-07-31,TSLA,0.32376526434081954,297.1499938964844,1744884000,185.57383932452132
2022-08-31,TSLA,-0.07248867234513734,275.6099853515625,1695263200,172.04934941755178
2022-09-30,TSLA,-0.03758929611475259,265.25,1299271000,165.54454617983015
2022-10-31,TSLA,-0.14216779156971648,227.5399932861328,1735263100,141.86727585146303
2022-11-30,TSLA,-0.1443262604679526,194.6999969482422,1885275300,121.24777618457794
2022-12-31,TSLA,-0.367334349070785,123.18000030517578,2944247700,76.341968894465
2023-01-31,TSLA,0.4062347847991101,173.22000122070312,3897499400,107.76096698424746
2023-02-28,TSLA,0.18756497670132166,205.7100067138672,3624845100,128.16071522266105
2023-03-31,TSLA,0.00850712139849441,207.4600067138672,3311619900,129.2595011069766
2023-04-30,TSLA,-0.2079919394526326,164.30999755859375,2505176300,102.16657483960418
2023-05-31,TSLA,0.24112954601596193,203.92999267578125,2681994800,127.0430841946997
2023-06-30,TSLA,0.28362672689273194,261.7699890136719,3440477900,163.35952506609289
2023-07-31,TSLA,0.021622049507798335,267.42999267578125,2392089000,166.91331485415017
2023-08-31,TSLA,-0.03496244385292646,258.0799865722656,2501580900,161.04265501140318
2023-09-30,TSLA,-0.03045561748493686,250.22000122070312,2439306100,156.1075458941323
2023-10-31,TSLA,-0.19734635377632126,200.83999633789062,2590570100,125.10294456117924
2023-11-30,TSLA,0.19537943740621833,240.0800018310547,2650798400,149.74086692480998
2023-12-31,TSLA,0.03498831153123505,248.47999572753906,2294598400,155.01503533726367
