Ticker,date,Returns,4. close,5. volume,Cumulative Return
AAPL,2014-03-31,-0.001340931873247353,536.74,13186900.0,-0.001340931873247353
AAPL,2014-04-30,0.08988124162875111,590.09,229823600.0,0.08841978513379667
AAPL,2014-05-31,0.07079030495633365,633.0,204845300.0,0.16546935364392534
AAPL,2014-06-30,0.01006585520423764,92.93,777779500.0,0.17720079940268163
AAPL,2014-07-31,0.02550502122042464,95.6,1035191700.0,0.2072253307721479
AAPL,2014-08-31,0.07102223232298721,102.5,930931500.0,0.2929651686804424
AAPL,2014-09-30,-0.023029573875546383,100.75,1523782675.0,0.26318873180980784
AAPL,2014-10-31,0.068315092324581,108.0,1360280122.0,0.34948358664676515
AAPL,2014-11-30,0.09923364282200708,118.93,820471729.0,0.4833977588782312
AAPL,2014-12-31,-0.07705668303072521,110.38,1073775862.0,0.3690920479638633
AAPL,2015-01-31,0.05008371818450397,117.16,1304879185.0,0.4376612682627308
AAPL,2015-02-28,0.09277326119520457,128.46,1136535493.0,0.5710377926134982
AAPL,2015-03-31,-0.035304374164825014,124.43,1138641910.0,0.5155732865559906
AAPL,2015-04-30,0.002685583442728845,125.15,996135511.0,0.5196434850806075
AAPL,2015-05-31,0.03713441058681566,130.28,954152126.0,0.5760745502011704
AAPL,2015-06-30,-0.03836566744484515,125.425,878606841.0,0.5156073981398683
AAPL,2015-07-31,-0.03802487170265212,121.3,1058280697.0,0.4579766212740095
AAPL,2015-08-31,-0.08493850013222437,112.76,1606359115.0,0.33413827383514705
AAPL,2015-09-30,-0.033439635274979396,109.95,1203789074.0,0.28952517655170906
AAPL,2015-10-31,0.08070471936921275,119.5,1113703829.0,0.3935959440448493
AAPL,2015-11-30,-0.014171988581701211,118.3,750606735.0,0.3738459182383407
AAPL,2015-12-31,-0.11514885184593293,105.26,922626259.0,0.21564913813997433
AAPL,2016-01-31,-0.08846757985519893,97.34,1271848087.0,0.1081036009356724
AAPL,2016-02-29,-0.010745301392159456,96.69,810862547.0,0.09619669376988149
AAPL,2016-03-31,0.12316127494502016,108.99,745756771.0,0.23120567616509602
AAPL,2016-04-30,-0.1468240715265351,93.74,872383623.0,0.05043504590395598
AAPL,2016-05-31,0.061504848055758954,99.86,901144768.0,0.11504189379472307
AAPL,2016-06-30,-0.045473174926661364,95.6,780630235.0,0.06433739870763988
AAPL,2016-07-31,0.08463943979678512,104.21,685779613.0,0.154422319889022
AAPL,2016-08-31,0.016664301468878095,106.1,630128567.0,0.17365996145005425
AAPL,2016-09-30,0.05954575958803421,113.05,970096738.0,0.24354643535266063
AAPL,2016-10-31,0.003013218081916902,113.54,686914224.0,0.24729351195736848
AAPL,2016-11-30,-0.03014218611159125,110.52,721554967.0,0.20969735878416929
AAPL,2016-12-31,0.046695891444267446,115.82,608771645.0,0.26618525533037185
AAPL,2017-01-31,0.04709816218870877,121.35,563331160.0,0.3258202538468733
AAPL,2017-02-28,0.1245115220106563,136.99,574968547.0,0.49090015156590217
AAPL,2017-03-31,0.04715756514002667,143.66,562091214.0,0.5612073725806468
AAPL,2017-04-30,-0.0006951723769198503,143.65,371280180.0,0.5601220643405851
AAPL,2017-05-31,0.05996469426409834,152.76,635292989.0,0.6536743069434423
AAPL,2017-06-30,-0.06151367741867686,144.02,664986406.0,0.5519507190705695
AAPL,2017-07-31,0.03141630229488901,148.73,411377229.0,0.6007072720076609
AAPL,2017-08-31,0.09676251174671502,164.0,638221161.0,0.7555957282183543
AAPL,2017-09-30,-0.06234598780289491,154.12,669594016.0,0.6461413783600385
AAPL,2017-10-31,0.0932878951161813,169.04,496135305.0,0.799706442610896
AAPL,2017-11-30,0.013741779294603296,171.85,581374608.0,0.8244376113403304
AAPL,2017-12-31,-0.016951240302992332,169.23,518560008.0,0.7935111309726832
AAPL,2018-01-31,-0.01268665718275086,167.43,639245534.0,0.770757470100585
AAPL,2018-02-28,0.05384080539642344,178.12,888378184.0,0.8660964784525338
AAPL,2018-03-31,-0.0633302190481021,167.78,701387082.0,0.7479161797072429
AAPL,2018-04-30,-0.02032415610005822,165.26,666360147.0,0.7123912584210554
AAPL,2018-05-31,0.12571040372934372,186.87,620976206.0,0.9276566548597653
AAPL,2018-06-30,-0.010925752862919413,185.11,527624365.0,0.9065955546442055
AAPL,2018-07-31,0.02602887039880253,190.29,393843881.0,0.9562220832389725
AAPL,2018-08-31,0.18970580980420393,227.63,700318837.0,1.3273287776966884
AAPL,2018-09-30,-0.011960509322127555,225.74,678972040.0,1.2994927401553915
AAPL,2018-10-31,-0.039727890137389976,218.86,789748068.0,1.2081387452027723
AAPL,2018-11-30,-0.19906107334440892,178.58,961321947.0,0.7685842764893323
AAPL,2018-12-31,-0.12969811157965072,157.74,898917007.0,0.539202235659203
AAPL,2019-01-31,0.032635063527192365,166.44,828099179.0,0.5894341984011375
AAPL,2019-02-28,0.03830303579945471,173.15,472540723.0,0.650314353403374
AAPL,2019-03-31,0.09243227713188906,189.95,650981384.0,0.8028566670718889
AAPL,2019-04-30,0.054550407917697274,200.67,506117812.0,0.9012032336778006
AAPL,2019-05-31,-0.13681174921244355,175.07,739456573.0,0.6410962936699867
AAPL,2019-06-30,0.12571683573022185,197.92,515218768.0,0.8474097268387724
AAPL,2019-07-31,0.07344848599872145,213.04,473957094.0,0.9830991742943918
AAPL,2019-08-31,-0.03171275263476814,208.74,683515746.0,0.9202096407297808
AAPL,2019-09-30,0.069068958626743,223.97,547408488.0,1.0528365209600192
AAPL,2019-10-31,0.1057654403879118,248.76,621478768.0,1.2699556796437443
AAPL,2019-11-30,0.07222700500206902,267.25,448922253.0,1.433907779871848
AAPL,2019-12-31,0.09590059875338386,293.65,598871365.0,1.6673209932720776
AAPL,2020-01-31,0.04704767869355675,309.51,734044103.0,1.7928122543361211
AAPL,2020-02-29,-0.1275097908846763,273.36,755223231.0,1.436701347805561
AAPL,2020-03-31,-0.15114152548795656,254.29,1570331732.0,1.0684145889396688
AAPL,2020-04-30,0.13405104514782984,293.8,816530808.0,1.3456877263860503
AAPL,2020-05-31,0.07892075199067206,317.94,701660022.0,1.530811165687727
AAPL,2020-06-30,0.13679108565253428,364.8,810900890.0,1.8770035726237069
AAPL,2020-07-31,0.14781919117211761,425.04,755162226.0,2.302279913728236
AAPL,2020-08-31,0.16472030241008784,499.23,960701317.0,2.84623245976031
AAPL,2020-09-30,-0.12547030077835553,115.81,3886793083.0,2.3636445161707096
AAPL,2020-10-31,-0.07531635794809399,108.86,2895317580.0,2.110307061780653
AAPL,2020-11-30,0.0868000264275981,119.05,2122724412.0,2.380281796941159
AAPL,2020-12-31,0.10691028364253952,132.69,2319687808.0,2.7416686826438514
AAPL,2021-01-31,-0.015969301441142503,131.96,2239366098.0,2.681916847557829
AAPL,2021-02-28,-0.08477549793998562,121.26,1825486961.0,2.369780513432492
AAPL,2021-03-31,-0.00435817402667682,122.15,2650845211.0,2.3550944235232487
AAPL,2021-04-30,0.07206165914389384,131.46,1889956694.0,2.59686809426676
AAPL,2021-05-31,-0.05675754864639759,124.61,1711935110.0,2.3927186784317387
AAPL,2021-06-30,0.096562195819061,136.96,1606114354.0,2.7203270438174503
AAPL,2021-07-31,0.060643560824012344,145.86,1916751489.0,2.945940923184412
AAPL,2021-08-31,0.03796719753595457,151.83,1462773381.0,3.095757241680161
AAPL,2021-09-30,-0.07156359376583155,141.5,1797948421.0,2.802650134273099
AAPL,2021-10-31,0.05554737565658052,149.8,1565079040.0,3.0138773697721133
AAPL,2021-11-30,0.09834212190464275,165.3,1688864233.0,3.4086105873805295
AAPL,2021-12-31,0.06641445849753813,177.57,2443227128.0,3.701406072267921
AAPL,2022-01-31,-0.024203528955094922,174.78,2106513962.0,3.587615454268125
AAPL,2022-02-28,-0.05934209187217099,165.12,1628570227.0,3.3153767565067547
AAPL,2022-03-31,0.04821013126535201,174.61,2171827429.0,3.5234216363973943
AAPL,2022-04-30,-0.10553167536843289,157.65,1683547838.0,3.0460573727105587
AAPL,2022-05-31,-0.07476098967969991,148.84,2400305601.0,2.743570119225871
AAPL,2022-06-30,-0.09291641114555782,136.72,1749297959.0,2.395731018875655
AAPL,2022-07-31,0.1816312643305713,162.51,1447364668.0,3.012501937160579
AAPL,2022-08-31,-0.0381831925028665,157.22,1509735435.0,2.859291803275852
AAPL,2022-09-30,-0.13149765526442403,138.2,2083968147.0,2.3518039801638664
AAPL,2022-10-31,0.09405227679826922,153.34,1868381344.0,2.667048775879779
AAPL,2022-11-30,-0.05092198439556339,148.03,1724948219.0,2.480315375336659
AAPL,2022-12-31,-0.12897966618680146,129.93,1675731304.0,2.031425460000944
AAPL,2023-01-31,0.10436455074699302,144.29,1443652725.0,2.3477988162569394
AAPL,2023-02-28,0.016659097871724038,147.41,1307294493.0,2.4035701243918055
AAPL,2023-03-31,0.11350265212109933,164.9,1520461315.0,2.7898843601904155
AAPL,2023-04-30,0.026098189522557824,169.68,967580718.0,2.888793480491243
AAPL,2023-05-31,0.04120241707040839,177.25,1275052503.0,3.049021171375128
AAPL,2023-06-30,0.09195151064363083,193.97,1297863403.0,3.4213347847111146
AAPL,2023-07-31,0.011636294844905581,196.45,996368613.0,3.4727827398740505
AAPL,2023-08-31,-0.04949278594830808,187.87,1323817340.0,3.251412261136177
AAPL,2023-09-30,-0.09277774188084909,171.21,1337873796.0,2.8569758317434077
AAPL,2023-10-31,-0.004838890714993327,170.77,1172845791.0,2.838312347203231
AAPL,2023-11-30,0.10979962157674672,189.95,1099760711.0,3.2597575904195004
AAPL,2023-12-31,0.012007628967262374,192.53,1062317718.0,3.3109071790557376
AAPL,2024-01-31,-0.046728410460239345,184.4,1187139861.0,3.109465338936829
AAPL,2024-02-29,-0.020934003978858917,180.75,1161711745.0,3.0234377751805424
AAPL,2024-03-31,-0.05607663967180343,171.48,1430780147.0,2.7978169048198205
AAPL,2024-04-30,-0.011203042983498612,170.33,1240410671.0,2.7552697987916663
AAPL,2024-05-31,0.12264444731974389,192.25,1336570142.0,3.215832787800996
AAPL,2024-06-30,0.08683410666595637,210.62,1723984420.0,3.5819108617827435
AAPL,2024-07-31,0.04893284341522164,222.08,1153193377.0,3.8061167885248617
AAPL,2024-08-31,0.026426213010594557,229.0,1122666993.0,3.9331242545322143
AAPL,2024-09-30,0.013261108709361924,233.0,1231814423.0,3.998542951548356
AAPL,2024-10-31,-0.034252182369090445,225.91,930835961.0,3.8273319467921905
AAPL,2024-11-30,0.04863334235848349,237.33,891640714.0,4.06210123403858
AAPL,2024-12-31,0.03802917610451706,246.49,335056404.0,4.254608773326726
AMZN,2014-03-31,-0.006251992513381599,336.365,8284300.0,-0.006251992513381599
AMZN,2014-04-30,-0.11508715968628691,304.13,138278700.0,-0.12061962813892346
AMZN,2014-05-31,0.02179849046113791,312.55,78579200.0,-0.1014504634911979
AMZN,2014-06-30,0.0329110414416216,324.78,76493200.0,-0.07187826245780682
AMZN,2014-07-31,-0.05413322350722993,312.99,99337300.0,-0.12212048391809693
AMZN,2014-08-31,0.08007534706633934,339.04,62015200.0,-0.051823976985408526
AMZN,2014-09-30,-0.053183330612025514,322.44,68006506.0,-0.10225113589578905
AMZN,2014-10-31,-0.06458926378382823,305.46,111120640.0,-0.16023607409104812
AMZN,2014-11-30,0.10455138240033146,338.64,68993021.0,-0.07243759474733769
AMZN,2014-12-31,-0.08958797762251614,310.35,86874154.0,-0.15553603475260047
AMZN,2015-01-31,0.11911525190531291,354.53,103040529.0,-0.054947496807197016
AMZN,2015-02-28,0.06911645155858714,380.16,70847240.0,0.010371178750049781
AMZN,2015-03-31,-0.024042201025484267,372.1,55502746.0,-0.013920368239814462
AMZN,2015-04-30,0.11185374547716509,421.78,84404887.0,0.09637633191130601
AMZN,2015-05-31,0.015615355943993325,429.23,51984199.0,0.11349663858267078
AMZN,2015-06-30,0.008340247134511758,434.09,54989227.0,0.1227834757318984
AMZN,2015-07-31,0.22049775513617687,536.15,102069942.0,0.37035471163477607
AMZN,2015-08-31,-0.05686435473709106,512.89,82893196.0,0.2924303751967321
AMZN,2015-09-30,-0.010523594684315296,511.67,76602841.0,0.27882936177046425
AMZN,2015-10-31,0.21317374844950887,625.9,97188843.0,0.5514422104463672
AMZN,2015-11-30,0.05700146197298772,664.8,87301503.0,0.6398766846084138
AMZN,2015-12-31,0.011093711598437306,675.89,90220804.0,0.6580690036044612
AMZN,2016-01-31,-0.15503870532185404,587.0,130200780.0,0.4010041319513289
AMZN,2016-02-29,-0.07231174170092236,552.52,124144797.0,0.29969508303973935
AMZN,2016-03-31,0.06838771976875258,593.64,93964682.0,0.3885782661634867
AMZN,2016-04-30,0.09888938425069815,659.59,78464320.0,0.5258939158882958
AMZN,2016-05-31,0.0903128650963072,722.79,90623145.0,0.6637017672651915
AMZN,2016-06-30,-0.01295815527403088,715.62,74556809.0,0.6421432614352895
AMZN,2016-07-31,0.05876073368889867,758.81,68635440.0,0.7386368042995082
AMZN,2016-08-31,0.012783535565207726,769.16,50000397.0,0.7608627297222501
AMZN,2016-09-30,0.0847902666097109,837.31,67354133.0,0.9101667500385029
AMZN,2016-10-31,-0.06128965849427992,789.82,77063812.0,0.7930932822615144
AMZN,2016-11-30,-0.057102924368999886,750.57,110085967.0,0.6907024121779735
AMZN,2016-12-31,-0.0033692295269552863,749.87,73660584.0,0.685006047689569
AMZN,2017-01-31,0.09557269792185652,823.48,70714587.0,0.8460466216819056
AMZN,2017-02-28,0.023927327280811372,845.04,71748231.0,0.8902175833745247
AMZN,2017-03-31,0.04784275033089469,886.54,60722752.0,0.9806507912869793
AMZN,2017-04-30,0.0417186825856255,924.99,72336605.0,1.0632809329616486
AMZN,2017-05-31,0.07276143588822181,994.62,75223469.0,1.2134082162847282
AMZN,2017-06-30,-0.03023188669911636,968.0,94729701.0,1.146492709871115
AMZN,2017-07-31,0.016707740551544337,987.78,76564735.0,1.182355753163423
AMZN,2017-08-31,-0.009766741158889092,980.6,75779478.0,1.1610412494056632
AMZN,2017-09-30,-0.02154452472409507,961.35,58038449.0,1.1144826427780536
AMZN,2017-10-31,0.13254715478148205,1105.28,80304293.0,1.3947513009131134
AMZN,2017-11-30,0.06172795551858612,1176.75,76226064.0,1.5425744026939543
AMZN,2017-12-31,-0.007760926277994851,1169.47,56130525.0,1.5228416701983298
AMZN,2018-01-31,0.23571383879592966,1450.89,94145634.0,2.117510364955113
AMZN,2018-02-28,0.03142409948390146,1512.45,133362428.0,2.2154753208055564
AMZN,2018-03-31,-0.05165718381764395,1447.34,128401298.0,2.049372921097606
AMZN,2018-04-30,0.06790473349536086,1566.13,129945743.0,2.256439776632709
AMZN,2018-05-31,0.039366241970347327,1629.62,71615299.0,2.384633572841496
AMZN,2018-06-30,0.03958320343471855,1699.8,85941510.0,2.5186082121072593
AMZN,2018-07-31,0.04185254523020854,1777.44,97629820.0,2.6658709214518614
AMZN,2018-08-31,0.12895706533687035,2012.71,96575676.0,3.1386108773860624
AMZN,2018-09-30,-0.009186089141849929,2003.0,94445693.0,3.100593228942964
AMZN,2018-10-31,-0.22752370034090608,1598.01,183228552.0,2.1676110839009968
AMZN,2018-11-30,0.03754986052792031,1690.17,139290208.0,2.2865544383081735
AMZN,2018-12-31,-0.13494393043124242,1501.97,154812304.0,1.8430538648266244
AMZN,2019-01-31,0.1304079950207977,1718.73,134015530.0,2.2138108190747943
AMZN,2019-02-28,-0.05105088822510695,1639.83,80936924.0,2.0497429221735675
AMZN,2019-03-31,0.08070348335692712,1780.75,100832035.0,2.2958677993361083
AMZN,2019-04-30,0.0796190780579713,1926.52,81293632.0,2.558281754920204
AMZN,2019-05-31,-0.08350109452655119,1775.07,98214360.0,2.26116133375051
AMZN,2019-06-30,0.06103684728496761,1893.63,74746589.0,2.460212340050281
AMZN,2019-07-31,-0.016475796418950472,1866.78,73190780.0,2.4032025859692725
AMZN,2019-08-31,-0.054211745045450344,1776.29,79978762.0,2.218709035040689
AMZN,2019-09-30,-0.02529144901074476,1735.91,62003799.0,2.137303219600534
AMZN,2019-10-31,0.021205580104351585,1776.66,71821008.0,2.2038315543354132
AMZN,2019-11-30,0.012254889208525022,1800.8,52060472.0,2.2430941550765704
AMZN,2019-12-31,0.023386650104160855,1847.84,68522009.0,2.3189392633361954
AMZN,2020-01-31,0.07926046401560982,2008.72,84743300.0,2.5819999293878486
AMZN,2020-02-29,-0.06900810598816998,1883.75,92555977.0,2.334812898611035
AMZN,2020-03-31,-0.0016276644379600302,1949.72,163796017.0,2.329384942248715
AMZN,2020-04-30,0.24949937424855206,2474.0,124631816.0,3.1600644019723214
AMZN,2020-05-31,-0.021988710875154638,2442.37,82620883.0,3.0685899486153287
AMZN,2020-06-30,0.12325602308340478,2758.82,87845661.0,3.5700681652387685
AMZN,2020-07-31,0.1266189332637555,3164.68,127304238.0,4.148725321263949
AMZN,2020-08-31,0.08424394368677435,3450.96,83519879.0,4.582474247287179
AMZN,2020-09-30,-0.10179335511691068,3148.73,115969967.0,4.014215463802066
AMZN,2020-10-31,-0.04928758741901884,3036.15,116252115.0,3.7670768807921258
AMZN,2020-11-30,0.03255919015361819,3168.04,90800583.0,3.9222890434307534
AMZN,2020-12-31,0.024599128111232327,3256.93,77463508.0,4.043373062210621
AMZN,2021-01-31,-0.02087438393163432,3206.2,71427780.0,3.9380957565995747
AMZN,2021-02-28,-0.04026702748548805,3092.93,70893385.0,3.739253319042608
AMZN,2021-03-31,-0.0058052050360759555,3094.08,78204991.0,3.7117409818076625
AMZN,2021-04-30,0.11675992978112282,3467.42,76843571.0,4.2618835279903635
AMZN,2021-05-31,-0.07442344963390468,3223.07,75191624.0,3.8702760042655004
AMZN,2021-06-30,0.06446389665596519,3440.16,66960544.0,4.184232973290499
AMZN,2021-07-31,-0.043203769253113755,3327.59,82554006.0,3.9602545681580716
AMZN,2021-08-31,0.04072527522494096,3470.79,62844829.0,4.162262300632079
AMZN,2021-09-30,-0.05589751565119527,3285.04,62540133.0,3.8737046628869223
AMZN,2021-10-31,0.02170067865944536,3372.43,63680713.0,3.9794673616572718
AMZN,2021-11-30,0.033004419178345845,3507.07,75633992.0,4.1438117897463
AMZN,2021-12-31,-0.05330352527122084,3334.34,64405344.0,3.8696284880211547
AMZN,2022-01-31,-0.11327696641173324,2991.47,76146845.0,3.318011745345963
AMZN,2022-02-28,-0.0021220419608483088,3071.26,84446686.0,3.308848743234903
AMZN,2022-03-31,0.045668303643551234,3259.95,81145583.0,3.5056265559950885
AMZN,2022-04-30,-0.2680792900745461,2485.63,73072079.0,2.297761387522903
AMZN,2022-05-31,-0.06001293078689318,2404.19,112895255.0,2.0998530616218023
AMZN,2022-06-30,-0.15337229875924419,106.21,1323300357.0,1.6244214717449856
AMZN,2022-07-31,0.2416117371792157,134.95,1338005773.0,2.2585125026237254
AMZN,2022-08-31,-0.0704123071357945,126.77,1170389539.0,2.029073119483157
AMZN,2022-09-30,-0.12061009203785344,113.0,1209987592.0,1.6637363317529057
AMZN,2022-10-31,-0.11374500586568748,102.44,1459511591.0,1.3607496270730266
AMZN,2022-11-30,-0.08284977328741905,96.54,2035252422.0,1.1651620556816673
AMZN,2022-12-31,-0.1385925907758946,84.0,1549193116.0,0.8650866369350834
AMZN,2023-01-31,0.21332851177410794,103.13,1523798384.0,1.2629627935222207
AMZN,2023-02-28,-0.10238597650515768,94.23,1364198308.0,1.0312671381126086
AMZN,2023-03-31,0.08769276639980106,103.29,1349466996.0,1.20939457275071
AMZN,2023-04-30,0.00982619219330405,105.45,1222124091.0,1.2311045084534014
AMZN,2023-05-31,0.13493174385030882,120.58,1432007632.0,1.5321513304913048
AMZN,2023-06-30,0.07386285582685548,130.36,1243071267.0,1.7191832591471643
AMZN,2023-07-31,0.02010478632134416,133.68,1059097946.0,1.7738518575408944
AMZN,2023-08-31,0.02150350254692479,138.01,1213497007.0,1.833499388024317
AMZN,2023-09-30,-0.08654355064884711,127.12,1120523243.0,1.5882782902233572
AMZN,2023-10-31,0.03171892045899338,133.09,1224706726.0,1.6703756834366912
AMZN,2023-11-30,0.09349575039317992,146.09,1026201791.0,1.9200444617913055
AMZN,2023-12-31,0.03719042798844474,151.94,930652363.0,2.028642165070612
AMZN,2024-01-31,0.017475364636119428,155.2,952721600.0,2.081568791257547
AMZN,2024-02-29,0.12791385518834164,176.76,1045157826.0,2.4757441353753777
AMZN,2024-03-31,0.017527360350685806,180.38,700200667.0,2.5366647553228847
AMZN,2024-04-30,-0.035583035590846745,175.0,913774690.0,2.410819487461337
AMZN,2024-05-31,0.005321386259742544,176.44,892339076.0,2.428969775416376
AMZN,2024-06-30,0.09024397669388962,193.25,813275850.0,2.7384136439131033
AMZN,2024-07-31,-0.037623570826332275,186.98,868117789.0,2.5977611734032116
AMZN,2024-08-31,-0.060936124886668774,178.5,971024071.0,2.3785275492283056
AMZN,2024-09-30,0.03790725312954368,186.33,764498511.0,2.5065982482420397
AMZN,2024-10-31,-0.004412647028837258,186.4,734067340.0,2.4911248679006084
AMZN,2024-11-30,0.1033441735811993,207.89,905938116.0,2.85191228224257
AMZN,2024-12-31,0.10506428156203729,230.26,319207030.0,3.256610678816373
GOOG,2014-03-31,-0.0027048179211511814,556.97,51900.0,-0.0027048179211511814
GOOG,2014-04-30,-0.06414485553141691,526.66,67171200.0,-0.06667617329777709
GOOG,2014-05-31,0.05957456468805278,559.89,36527700.0,-0.01107381260900453
GOOG,2014-06-30,0.02501381258401536,575.28,37898400.0,0.013663001701818667
GOOG,2014-07-31,-0.010031483480127057,571.6,34516100.0,0.0034944580458309282
GOOG,2014-08-31,-0.0016191109792985658,571.6,27586000.0,0.0018696891511436053
GOOG,2014-09-30,0.008068477660867712,577.36,33421676.0,0.009953252357160158
GOOG,2014-10-31,-0.03708034542454508,559.08,52083039.0,-0.02749616310288605
GOOG,2014-11-30,-0.03168049885358459,541.83,28445740.0,-0.05830556979281165
GOOG,2014-12-31,-0.03263119623905364,526.4,45796626.0,-0.08903418554212617
GOOG,2015-01-31,0.008890461730932886,534.52,50087655.0,-0.08093527883050033
GOOG,2015-02-28,0.04240012533161974,558.4,32508126.0,-0.04196681946504344
GOOG,2015-03-31,-0.021836334295942672,548.0,38542782.0,-0.06288675226180995
GOOG,2015-04-30,-0.023007861201131408,537.34,42283442.0,-0.08444772379551169
GOOG,2015-05-31,-0.011893480013408841,532.11,31866779.0,-0.09533682649378072
GOOG,2015-06-30,-0.023291320104292135,520.51,34342523.0,-0.11640762605447885
GOOG,2015-07-31,0.17224779302743665,625.61,63319457.0,0.035789210293510676
GOOG,2015-08-31,-0.02559742895739603,618.25,53395840.0,0.009275669568185263
GOOG,2015-09-30,-0.02203636420262922,608.42,47857854.0,-0.012965096667271747
GOOG,2015-10-31,0.1588017083998905,710.81,49513250.0,0.14377773223228618
GOOG,2015-11-30,0.04212833889653922,742.6,33934938.0,0.191963188158083
GOOG,2015-12-31,0.01783527438467325,758.88,43110708.0,0.21322217867531235
GOOG,2016-01-31,-0.02863643359149859,742.95,46561234.0,0.17847982232394344
GOOG,2016-02-29,-0.06715801786855946,697.77,64367114.0,0.0993354533585753
GOOG,2016-03-31,0.06466829586803868,744.95,41727507.0,0.17042760371459198
GOOG,2016-04-30,-0.07457923910820596,693.01,42154738.0,0.08313800359831691
GOOG,2016-05-31,0.05947074235054761,735.72,35000414.0,0.14755302474039889
GOOG,2016-06-30,-0.06277436447255791,692.1,39375913.0,0.07551611291375893
GOOG,2016-07-31,0.10847780658187278,768.79,29914808.0,0.19218574178610526
GOOG,2016-08-31,-0.0026459924386632583,767.05,26385341.0,0.18903122732785715
GOOG,2016-09-30,0.011465448292490299,777.29,27600794.0,0.202664003382941
GOOG,2016-10-31,0.007785367440030999,784.54,33956196.0,0.21202718455617586
GOOG,2016-11-30,-0.038304923580610994,758.04,42688236.0,0.16560057587412835
GOOG,2016-12-31,0.01664121765620563,771.82,32097980.0,0.18499758875744843
GOOG,2017-01-31,0.030162031998435035,796.79,33332821.0,0.22073952394761887
GOOG,2017-02-28,0.03284118752391163,823.21,25689522.0,0.26083005957143324
GOOG,2017-03-31,0.006420060676843864,829.56,33840342.0,0.26892466505707047
GOOG,2017-04-30,0.08953722240435469,905.96,24742467.0,0.38254065500665657
GOOG,2017-05-31,0.06316354380123101,964.86,31802202.0,0.46986682222615217
GOOG,2017-06-30,-0.06205994641803847,908.73,42736021.0,0.37864696599714476
GOOG,2017-07-31,0.021254846186558707,930.5,35416014.0,0.4079498952049798
GOOG,2017-08-31,0.007861065354522356,939.33,27325965.0,0.41901788134707907
GOOG,2017-09-30,0.019720173483602554,959.11,27177858.0,0.4470011601435777
GOOG,2017-10-31,0.056298781521812113,1016.64,30768015.0,0.5284655623203096
GOOG,2017-11-30,0.002916388600740394,1021.41,23723565.0,0.5329231618628849
GOOG,2017-12-31,0.023220085784183775,1046.4,27458240.0,0.5685177691819032
GOOG,2018-01-31,0.11607457014635858,1169.94,27111134.0,0.750582795006618
GOOG,2018-02-28,-0.06736513377808995,1104.73,40388224.0,0.6326545508313746
GOOG,2018-03-31,-0.075923071360665,1031.79,43301942.0,0.5086984028612895
GOOG,2018-04-30,-0.020134504885316984,1017.33,41773275.0,0.47832150749840907
GOOG,2018-05-31,0.06291280587222858,1084.99,31849196.0,0.5713268615163969
GOOG,2018-06-30,0.024898450943138917,1115.65,32103642.0,0.6104504662934993
GOOG,2018-07-31,0.08603057763832944,1217.26,31953386.0,0.748998450166646
GOOG,2018-08-31,-0.0013702300808420276,1218.19,28820379.0,0.7466019198788816
GOOG,2018-09-30,-0.02230124889441898,1193.47,28863199.0,0.7076505157441926
GOOG,2018-10-31,-0.11154454923964485,1076.77,48496167.0,0.5171714087066595
GOOG,2018-11-30,0.008853781378430847,1094.43,36735570.0,0.5306041126729542
GOOG,2018-12-31,-0.06362545770651995,1035.61,40256461.0,0.4332187254366555
GOOG,2019-01-31,0.06974743841331876,1116.37,30714651.0,0.5331820602218638
GOOG,2019-02-28,0.0005738150656358076,1119.92,28934646.0,0.5340618231863816
GOOG,2019-03-31,0.04439654156253536,1173.31,31658936.0,0.6021688626789745
GOOG,2019-04-30,0.0046342738779798776,1188.48,27860634.0,0.6095937519874004
GOOG,2019-05-31,-0.0757452980858827,1103.63,33323762.0,0.48767459344594033
GOOG,2019-06-30,-0.026884694704683576,1080.91,34098832.0,0.447678916181232
GOOG,2019-07-31,0.11362984691481937,1216.68,32952483.0,0.612178449808717
GOOG,2019-08-31,-0.029519240361827626,1188.1,28921401.0,0.5645881666426549
GOOG,2019-09-30,0.023602309278754063,1219.0,27186490.0,0.6015160604456335
GOOG,2019-10-31,0.03052514074156143,1260.11,29219555.0,0.6504025635906074
GOOG,2019-11-30,0.034182832809358965,1304.96,24956906.0,0.7068179984899625
GOOG,2019-12-31,0.02338096206261464,1337.02,27627707.0,0.7467250453604442
GOOG,2020-01-31,0.06947581413394754,1434.23,33406912.0,0.8680801899550175
GOOG,2020-02-29,-0.07487740048549874,1339.33,37103140.0,0.7282032014327291
GOOG,2020-03-31,-0.18469565381329223,1162.81,71398419.0,0.4090115812218864
GOOG,2020-04-30,0.13420558183845,1348.66,46336723.0,0.5981088002968842
GOOG,2020-05-31,0.05617051318342825,1428.92,31883800.0,0.6878753917325131
GOOG,2020-06-30,-0.019011771041422598,1413.61,38833324.0,0.6557858912384431
GOOG,2020-07-31,0.042487476623089604,1482.96,35346094.0,0.726136055585278
GOOG,2020-08-31,0.09833721665885897,1634.18,37293396.0,0.8958794708660358
GOOG,2020-09-30,-0.11100071534345757,1469.6,40570621.0,0.68543549339493
GOOG,2020-10-31,0.0900102496484434,1621.01,39260343.0,0.8371419629217551
GOOG,2020-11-30,0.0804563575463253,1760.74,34952246.0,0.9849517135539458
GOOG,2020-12-31,-0.007354143392119816,1751.88,31422606.0,0.9703540940260362
GOOG,2021-01-31,0.039134341249326354,1835.74,33082794.0,1.0474626035236585
GOOG,2021-02-28,0.10058822114984634,2036.86,29111908.0,1.2534132246829364
GOOG,2021-03-31,0.009034455985008627,2068.63,34796574.0,1.2737715872773707
GOOG,2021-04-30,0.1586631667485725,2410.12,30727072.0,1.6345353877777264
GOOG,2021-05-31,-0.003747487277049766,2411.56,25456404.0,1.624662499931092
GOOG,2021-06-30,0.0382067797214205,2506.32,27425377.0,1.7249424019090318
GOOG,2021-07-31,0.07553239975026615,2704.42,22824857.0,1.9307638407064753
GOOG,2021-08-31,0.07435221343952625,2909.24,18615809.0,2.148672619331529
GOOG,2021-09-30,-0.08721269753285021,2665.31,25265626.0,1.874068386551801
GOOG,2021-10-31,0.10585642243731885,2965.41,24830507.0,2.178306983792372
GOOG,2021-11-30,-0.0436131880591627,2849.04,22120136.0,2.0396908835984853
GOOG,2021-12-31,0.012435971201368856,2893.59,23950206.0,2.0774923918879793
GOOG,2022-01-31,-0.06890081650801494,2713.97,30699124.0,1.8654506532896935
GOOG,2022-02-28,-0.01871955379951662,2697.82,36609705.0,1.811810695625577
GOOG,2022-03-31,0.025358384656024135,2792.99,31811236.0,1.8831136728251732
GOOG,2022-04-30,-0.1878541052514786,2299.33,28022017.0,1.3415089334782961
GOOG,2022-05-31,-0.02174463255650394,2280.78,35869499.0,1.2905936820920392
GOOG,2022-06-30,-0.05396282846240652,2187.45,31358279.0,1.1669867681482344
GOOG,2022-07-31,0.07589127195465317,116.64,306278381.0,1.331442150291907
GOOG,2022-08-31,-0.0714287457804591,109.15,430922710.0,1.1649101616368593
GOOG,2022-09-30,-0.12699260943603663,96.15,532842467.0,0.8899825710160028
GOOG,2022-10-31,-0.03485854813663258,94.66,584705310.0,0.8241005225868447
GOOG,2022-11-30,0.05128488365600803,101.45,603456198.0,0.9176493056645745
GOOG,2022-12-31,-0.1315173744419007,88.73,498585560.0,0.6654451038832356
GOOG,2023-01-31,0.11525955166410728,99.87,526177891.0,0.8574035598779999
GOOG,2023-02-28,-0.11282380242097201,90.3,754465909.0,0.6478442276223144
GOOG,2023-03-31,0.14089185432420903,104.0,725590594.0,0.8800120564894662
GOOG,2023-04-30,0.034762541197218555,108.22,461168243.0,0.945366053054449
GOOG,2023-05-31,0.13220791175026925,123.37,620306000.0,1.2025588365186413
GOOG,2023-06-30,-0.02426175728507851,120.97,521483047.0,1.1491208886209212
GOOG,2023-07-31,0.09159536784870492,133.11,525559527.0,1.34597040696549
GOOG,2023-08-31,0.027159493158273706,137.35,463648503.0,1.4096857741829818
GOOG,2023-09-30,-0.0431261340250797,131.85,389661374.0,1.3057653425272386
GOOG,2023-10-31,-0.06438608894218667,125.3,514909680.0,1.1573061301034682
GOOG,2023-11-30,0.06577198444061771,133.92,405702609.0,1.2991964353262828
GOOG,2023-12-31,0.047207033631096795,140.93,481964446.0,1.4077346787732283
GOOG,2024-01-31,-0.0028800100117647442,141.8,428139685.0,1.4008003787926882
GOOG,2024-02-29,-0.01916537222738912,139.78,475266070.0,1.3547881458894695
GOOG,2024-03-31,0.08355827408137495,152.26,506789382.0,1.5515501791872746
GOOG,2024-04-30,0.06652310115988702,164.64,487116614.0,1.7212872098718774
GOOG,2024-05-31,0.054163962430287205,173.96,391990581.0,1.868682908069399
GOOG,2024-06-30,0.051862752986217675,183.42,351402985.0,2.017460701126387
GOOG,2024-07-31,-0.06272034641058766,173.15,354591866.0,1.8282045206714055
GOOG,2024-08-31,-0.051704231776510845,165.11,389619175.0,1.6819743786232353
GOOG,2024-09-30,0.006960152912272699,167.19,387665966.0,1.7006413304052508
GOOG,2024-10-31,0.029247644566885,172.69,381772171.0,1.779628728139583
GOOG,2024-11-30,-0.019634275067080598,170.49,360653990.0,1.725052733106931
GOOG,2024-12-31,0.14686604933934233,196.71,175889551.0,2.1252704622597234
MSFT,2014-03-31,0.040551075521052526,40.99,90359000.0,0.040551075521052526
MSFT,2014-04-30,-0.017689017871287183,40.4,746113500.0,0.0221447489501736
MSFT,2014-05-31,0.011749200861148612,40.94,574362900.0,0.03415413291475744
MSFT,2014-06-30,0.016871633657872254,41.7,555779700.0,0.05160200259106973
MSFT,2014-07-31,0.03281277315477471,43.16,731616500.0,0.08610798055119728
MSFT,2014-08-31,0.051389133566392964,45.43,513429400.0,0.14192212863126819
MSFT,2014-09-30,0.01839944456934295,46.36,860084532.0,0.16293286153952535
MSFT,2014-10-31,0.006722369951197793,46.95,853297059.0,0.17075052646319921
MSFT,2014-11-30,0.01676739949832151,47.81,523008240.0,0.190380968253278
MSFT,2014-12-31,-0.032739984995294846,46.45,626810606.0,0.15140791321398117
MSFT,2015-01-31,-0.14450313923226987,40.4,918738022.0,-0.014974144782316068
MSFT,2015-02-28,0.08367257866327793,43.85,656509827.0,0.0674455085737482
MSFT,2015-03-31,-0.0762066978243654,40.655,824335340.0,-0.013900988742107434
MSFT,2015-04-30,0.18196278866555837,48.64,874535095.0,0.16553233724672856
MSFT,2015-05-31,-0.03971022984935957,46.86,633072750.0,0.11924878023779972
MSFT,2015-06-30,-0.059797255784233116,44.15,664853340.0,0.05232077463972917
MSFT,2015-07-31,0.05418075752853446,46.7,725458102.0,0.10933631137272393
MSFT,2015-08-31,-0.0784669371357799,43.52,776277394.0,0.022290088765802407
MSFT,2015-09-30,0.009235124409074036,44.2,670779566.0,0.03173106491771782
MSFT,2015-10-31,0.17737202702291333,52.64,857330655.0,0.21473129524468249
MSFT,2015-11-30,0.030420292764672174,54.35,662622220.0,0.25168377687643506
MSFT,2015-12-31,0.01615689673094689,55.48,793070000.0,0.2719071023992292
MSFT,2016-01-31,-0.016919221713249666,55.09,927914485.0,0.25038742413507964
MSFT,2016-02-29,-0.08168984276647129,50.88,814770780.0,0.14824347206031185
MSFT,2016-03-31,0.08070943517709805,55.23,640372350.0,0.2409175541360895
MSFT,2016-04-30,-0.10418186065490986,49.87,699025640.0,0.11163645442685177
MSFT,2016-05-31,0.05896325413805448,53.0,530869347.0,0.17718215719834807
MSFT,2016-06-30,-0.04007982272828736,51.17,823987498.0,0.13000090501893546
MSFT,2016-07-31,0.1035331403458093,56.68,647587634.0,0.2469934473091524
MSFT,2016-08-31,0.01321213519752984,57.46,467079004.0,0.26346889332543477
MSFT,2016-09-30,0.00044413578134694376,57.6,526855083.0,0.2640300450695794
MSFT,2016-10-31,0.03742851080873444,59.92,614841775.0,0.31134080727403113
MSFT,2016-11-30,0.0026980571799410935,60.26,613056964.0,0.3148788797544466
MSFT,2016-12-31,0.028867807591889116,62.14,513579428.0,0.3528365502618367
MSFT,2017-01-31,0.03909040031117872,64.65,494435826.0,0.405719472567166
MSFT,2017-02-28,-0.011094129755560456,63.98,440744043.0,0.3901242383385879
MSFT,2017-03-31,0.028391672736099993,65.86,489173200.0,0.4295921907760174
MSFT,2017-04-30,0.03867094696230855,68.46,428857613.0,0.4848758745632473
MSFT,2017-05-31,0.018279538506707382,69.84,505249296.0,0.5120187202900071
MSFT,2017-06-30,-0.015926310047299608,68.93,610120893.0,0.4879378413533473
MSFT,2017-07-31,0.05308329954426938,72.7,451248934.0,0.5669224914891606
MSFT,2017-08-31,0.026726664936795652,74.77,429156682.0,0.6088011039011205
MSFT,2017-09-30,-0.0048694398907763725,74.49,367134396.0,0.6009671436294592
MSFT,2017-10-31,0.11182716562379613,83.18,440510118.0,0.7799987615583666
MSFT,2017-11-30,0.010542736832684474,84.17,415711970.0,0.7987648200639808
MSFT,2017-12-31,0.013073615431120844,85.54,447828256.0,0.8222811795725264
MSFT,2018-01-31,0.10781464245902672,95.01,543377322.0,1.018749773407952
MSFT,2018-02-28,-0.023418056206605975,93.77,690287596.0,0.9714745777472116
MSFT,2018-03-31,-0.03760096561352788,91.27,732866406.0,0.8973452299413942
MSFT,2018-04-30,0.01831126227233626,93.52,668258570.0,0.9320880160680172
MSFT,2018-05-31,0.055162387902148335,98.84,509418119.0,1.0386666046714534
MSFT,2018-06-30,-0.0044677978530294205,98.61,602585341.0,1.0295582543920596
MSFT,2018-07-31,0.07171310472145143,106.08,569501573.0,1.1751041780275635
MSFT,2018-08-31,0.05731425554212821,112.33,456630721.0,1.299768654717786
MSFT,2018-09-30,0.01589249329450748,114.37,480255674.0,1.336317712641807
MSFT,2018-10-31,-0.080414497342849,106.81,927547942.0,1.1484438981465215
MSFT,2018-11-30,0.02961445538865326,110.89,720228643.0,1.212068894123206
MSFT,2018-12-31,-0.09646451017670599,101.57,944287635.0,0.9986827517744834
MSFT,2019-01-31,0.02024178705426194,104.43,714204787.0,1.0391396624249287
MSFT,2019-02-28,0.06996519511441246,112.03,469095970.0,1.1818084667720261
MSFT,2019-03-31,0.05011918406124982,117.94,589045341.0,1.2911589269045667
MSFT,2019-04-30,0.10531621200260388,130.6,433157868.0,1.5324551061821063
MSFT,2019-05-31,-0.0570043788785648,123.68,547218448.0,1.3880940758163454
MSFT,2019-06-30,0.07786078106543814,133.96,508324437.0,1.5740329458171516
MSFT,2019-07-31,0.01528153181576375,136.27,484553299.0,1.6133681121734806
MSFT,2019-08-31,0.0046897728701420505,137.86,585509525.0,1.6256242150456464
MSFT,2019-09-30,0.006187775857021904,139.03,477645820.0,1.641870989173118
MSFT,2019-10-31,0.02749943543378408,143.37,560654410.0,1.7145209498642715
MSFT,2019-11-30,0.055193540415411135,151.38,393028043.0,1.8643449716190852
MSFT,2019-12-31,0.04079691461789414,157.7,452664147.0,1.9812014088624235
MSFT,2020-01-31,0.07553533742703467,170.23,555989763.0,2.206387463218798
MSFT,2020-02-29,-0.06103760841496608,162.01,887894931.0,2.0106772408121922
MSFT,2020-03-31,-0.12306937594412959,157.71,1612954386.0,1.6401550716162419
MSFT,2020-04-30,0.11768214416815792,179.21,984810925.0,1.9508541813804778
MSFT,2020-05-31,0.01917379654828677,183.25,688873081.0,2.0074332590979282
MSFT,2020-06-30,0.10085349151831635,203.51,765012029.0,2.3107434037862635
MSFT,2020-07-31,9.519733322127522e-05,205.01,769842002.0,2.311058577729284
MSFT,2020-08-31,0.09169404814732918,225.53,692382980.0,2.6146629423742205
MSFT,2020-09-30,-0.0809007245556278,210.33,768528897.0,2.3222340913117687
MSFT,2020-10-31,-0.045372644596704315,202.47,631674298.0,2.171495544619625
MSFT,2020-11-30,0.049973780464882545,214.07,573325190.0,2.3299871667117995
MSFT,2020-12-31,0.036694635842857704,222.42,593966967.0,2.4521798331556783
MSFT,2021-01-31,0.036632526793338505,231.96,647897096.0,2.5786419033891765
MSFT,2021-02-28,-0.0013317989344295844,232.38,489396912.0,2.5738758719155377
MSFT,2021-03-31,0.008570108270106402,235.77,724981506.0,2.604504375081775
MSFT,2021-04-30,0.06556272842166777,252.18,568698272.0,2.8408255165199745
MSFT,2021-05-31,-0.013574960175316897,249.68,495089530.0,2.788686463092875
MSFT,2021-06-30,0.08295613560342407,270.9,508388858.0,3.1029812510840644
MSFT,2021-07-31,0.049921263734308496,284.91,522303043.0,3.3078072602163546
MSFT,2021-08-31,0.057496012961802734,301.88,440360333.0,3.555489002286702
MSFT,2021-09-30,-0.06905787638369976,281.92,502931199.0,3.240896605899483
MSFT,2021-10-31,0.17068382625718526,331.62,516523658.0,3.964749065355517
MSFT,2021-11-30,-0.005470415282977759,330.59,507120518.0,3.937589826192246
MSFT,2021-12-31,0.011121656289033277,336.32,625743806.0,3.992504003135384
MSFT,2022-01-31,-0.0825451028250681,310.98,946705316.0,3.5803972468420096
MSFT,2022-02-28,-0.047834036481901765,298.79,697204843.0,3.3612983578349667
MSFT,2022-03-31,0.022100642889401945,308.31,732627846.0,3.4576858553756127
MSFT,2022-04-30,-0.11153860122469461,277.52,622644983.0,2.9604818103679107
MSFT,2022-05-31,-0.032520013622941435,271.87,742766114.0,2.8316868879413346
MSFT,2022-06-30,-0.06542955523969196,256.83,621501474.0,2.5809813190455735
MSFT,2022-07-31,0.08291173279713426,280.74,534986150.0,2.8778866853218097
MSFT,2022-08-31,-0.07346352464764183,261.47,476959033.0,2.593003461233909
MSFT,2022-09-30,-0.11553948105803125,232.9,575416752.0,2.177869705883233
MSFT,2022-10-31,-0.02276938236450221,232.13,671366804.0,2.1055115754454095
MSFT,2022-11-30,0.08223278651666055,255.14,615328220.0,2.36088644585403
MSFT,2022-12-31,-0.06527092840533277,239.82,591366468.0,2.1415182672682382
MSFT,2023-01-31,0.02494633795233958,247.81,666168068.0,2.21988764364696
MSFT,2023-02-28,-0.001515149605851529,249.42,615540778.0,2.2150090321528024
MSFT,2023-03-31,0.1483629176387362,288.3,747751976.0,2.6919971523978816
MSFT,2023-04-30,0.05677676528931097,307.26,551356990.0,2.9016168081683804
MSFT,2023-05-31,0.0651067368095315,328.39,600453246.0,3.155638346829443
MSFT,2023-06-30,0.0320314314384349,340.54,547748450.0,3.2887493916188415
MSFT,2023-07-31,-0.019632073383588744,335.92,666956355.0,3.2045523488387584
MSFT,2023-08-31,-0.026905569711860644,327.76,479669427.0,3.0914264725099097
MSFT,2023-09-30,-0.0394124665475174,315.75,416768824.0,2.930173263530486
MSFT,2023-10-31,0.06461876626610108,338.11,540963749.0,3.1841362110318423
MSFT,2023-11-30,0.11693232282912991,378.91,564165364.0,3.6733969772212705
MSFT,2023-12-31,-0.009200297685499348,376.04,521914675.0,3.630400333828322
MSFT,2024-01-31,0.054631946007773546,397.58,525975837.0,3.8833681148604073
MSFT,2024-02-29,0.03726247699929974,413.64,444203455.0,4.065334506919507
MSFT,2024-03-31,0.013579169234205102,420.72,425101681.0,4.134117541416826
MSFT,2024-04-30,-0.07859637473842751,389.33,440119511.0,3.7305945151804947
MSFT,2024-05-31,0.06299653174914122,415.13,413810421.0,4.028605562748376
MSFT,2024-06-30,0.07501761994271638,446.95,342370406.0,4.405839583696463
MSFT,2024-07-31,-0.06852484624094834,418.35,440446499.0,4.035405257420431
MSFT,2024-08-31,-0.006080970378994577,417.14,451919023.0,4.004785107203824
MSFT,2024-09-30,0.028905213380645556,430.3,376719438.0,4.149449488651827
MSFT,2024-10-31,-0.06133188807461387,406.35,440766715.0,3.8336240289679555
MSFT,2024-11-30,0.039255695929115264,423.46,442321341.0,4.023371304084787
MSFT,2024-12-31,0.05936115291718802,448.99,161851471.0,4.321564416226378
NVDA,2014-03-31,0.006707029873139758,17.91,16805600.0,0.006707029873139758
NVDA,2014-04-30,0.024804435967781258,18.47,173425200.0,0.0316778299339433
NVDA,2014-05-31,0.02421309889842793,19.0,140315000.0,0.05665794726144946
NVDA,2014-06-30,-0.025944380269112388,18.54,131928300.0,0.02924361166331879
NVDA,2014-07-31,-0.06159745016216045,17.5,156725900.0,-0.03415517041083449
NVDA,2014-08-31,0.10255161213016106,19.45,151996300.0,0.06489377393111506
NVDA,2014-09-30,-0.05391290916135849,18.45,137771496.0,0.007482252630670594
NVDA,2014-10-31,0.04729761158369916,19.54,165190718.0,0.05513375689306632
NVDA,2014-11-30,0.0703147144089793,20.97,116079517.0,0.1293251856722757
NVDA,2014-12-31,-0.048970028092868656,20.05,106485166.0,0.07402209960392026
NVDA,2015-01-31,-0.0497576591887795,19.205,103475561.0,0.02058127401061105
NVDA,2015-02-28,0.1406570398460696,22.06,104839455.0,0.1641332149352741
NVDA,2015-03-31,-0.06038287292566402,20.925,182761992.0,0.09383950694929277
NVDA,2015-04-30,0.058101850407150435,22.195,123367642.0,0.1573936063514918
NVDA,2015-05-31,-0.014334200050853063,22.13,177033827.0,0.14080329486047116
NVDA,2015-06-30,-0.09638000419853687,20.11,183345778.0,0.030852668512114212
NVDA,2015-07-31,-0.011463110914278207,19.95,137012807.0,0.01903589003668027
NVDA,2015-08-31,0.09928698640538203,22.48,236729390.0,0.12021289259734846
NVDA,2015-09-30,0.0861914091262812,24.64,161618932.0,0.2167656203317414
NVDA,2015-10-31,0.14343204721988356,28.37,201349013.0,0.39128880424269474
NVDA,2015-11-30,0.09836419687070763,31.72,183626266.0,0.5281418100872346
NVDA,2015-12-31,0.03301915567998304,32.96,140690850.0,0.5785997624155961
NVDA,2016-01-31,-0.12242431462969039,29.29,203476313.0,0.3853407684272747
NVDA,2016-02-29,0.049604407123547745,31.36,225001134.0,0.4540597759091898
NVDA,2016-03-31,0.13030360666966878,35.63,164224972.0,0.6435290090234476
NVDA,2016-04-30,-0.006152563207635353,35.53,168356804.0,0.6334170929118486
NVDA,2016-05-31,0.2865486300221507,46.72,259213398.0,1.1014705231405029
NVDA,2016-06-30,-0.0013143527314187775,47.01,204978756.0,1.098708449618417
NVDA,2016-07-31,0.20768652763687978,57.1,180251256.0,1.5345819200418456
NVDA,2016-08-31,0.06840715457446689,61.34,232628024.0,1.7079654572277971
NVDA,2016-09-30,0.10744994641373906,68.52,216644185.0,1.9989362004971802
NVDA,2016-10-31,0.03410327309789607,71.16,163789051.0,2.1012097407459023
NVDA,2016-11-30,0.2118311272553004,92.2,319186695.0,2.7581424959832246
NVDA,2016-12-31,0.13014639446809406,106.74,452055630.0,3.247251191732765
NVDA,2017-01-31,0.014239038049356223,109.18,334936385.0,3.3077279630570215
NVDA,2017-02-28,-0.08881516702562797,101.48,355169590.0,2.925136384517144
NVDA,2017-03-31,0.06668735655941793,108.93,357243119.0,3.1868933541357833
NVDA,2017-04-30,-0.05163095283807784,104.3,238801668.0,2.9707200608303372
NVDA,2017-05-31,0.33213053486531696,144.35,469403432.0,4.289517438434361
NVDA,2017-06-30,-0.015598966588357133,144.56,578458277.0,4.2070064326436905
NVDA,2017-07-31,0.11349541450608602,162.51,382121590.0,4.797977786052442
NVDA,2017-08-31,0.027597341872325876,169.44,356899929.0,4.957986561182283
NVDA,2017-09-30,0.04328416464633533,178.77,354779197.0,5.21587303245715
NVDA,2017-10-31,0.15246139019164784,206.81,282241671.0,6.163553676240341
NVDA,2017-11-30,-0.039880051985008436,200.71,288285133.0,5.877870783234478
NVDA,2017-12-31,-0.04333552220531056,193.5,249998757.0,5.579814661182364
NVDA,2018-01-31,0.25850407090947236,245.8,275174934.0,7.280723536927836
NVDA,2018-02-28,-0.038970278214611964,242.0,358836498.0,6.958021436875472
NVDA,2018-03-31,-0.0621252169916916,231.59,350302126.0,6.46362762828505
NVDA,2018-04-30,-0.04148166064348502,224.9,278676971.0,6.154023959839191
NVDA,2018-05-31,0.11366744886412827,252.19,299456113.0,6.96720361246696
NVDA,2018-06-30,-0.06733166790859901,236.9,219638498.0,6.430758504672145
NVDA,2018-07-31,0.02829253808393184,244.86,158081687.0,6.640993522658082
NVDA,2018-08-31,0.1383214793409282,280.68,272951421.0,7.697907050346599
NVDA,2018-09-30,-0.003972436326514006,281.02,158504898.0,7.66335516841516
NVDA,2018-10-31,-0.2875651515082944,210.83,324449489.0,5.172076126839689
NVDA,2018-11-30,-0.2950562148659446,163.43,404058585.0,3.3509667069899107
NVDA,2018-12-31,-0.2036221740399773,133.5,311279473.0,2.4650134069370644
NVDA,2019-01-31,0.0215590660162146,143.75,421791107.0,2.5397158597242893
NVDA,2019-02-28,0.06698998680327062,154.26,286143490.0,2.776841378454547
NVDA,2019-03-31,0.1471012163761758,179.56,301712810.0,3.3324193392850834
NVDA,2019-04-30,0.0015625131874907883,181.0,236076606.0,3.339188801636457
NVDA,2019-05-31,-0.26108309611170044,135.46,279518852.0,2.2062999546919917
NVDA,2019-06-30,0.1962849912635154,164.23,205833345.0,2.835648513286919
NVDA,2019-07-31,0.01989253494854193,168.72,210468645.0,2.911949285387802
NVDA,2019-08-31,-0.03180335425304448,167.51,238715294.0,2.7875361764446698
NVDA,2019-09-30,0.029732119818890235,174.07,160186748.0,2.900147655861104
NVDA,2019-10-31,0.14264413840902002,201.02,194847227.0,3.45648085789937
NVDA,2019-11-30,0.07042435131619906,216.74,183460462.0,3.7703256314699916
NVDA,2019-12-31,0.08054437800697767,235.3,164328924.0,4.154548542347485
NVDA,2020-01-31,-0.0024719802330323004,236.43,152923749.0,4.141806600240597
NVDA,2020-02-29,0.10750274624099454,270.07,296379863.0,4.694564930406532
NVDA,2020-03-31,-0.1609265170019335,263.6,394309113.0,3.7781584303148508
NVDA,2020-04-30,0.06691688773832105,292.28,282017179.0,4.097897921592142
NVDA,2020-05-31,0.19580500142179202,355.02,312360731.0,5.096091831377642
NVDA,2020-06-30,0.05677834903054557,379.91,243002408.0,5.4422178611018595
NVDA,2020-07-31,0.10694645159623728,424.59,202608883.0,6.1311902017566045
NVDA,2020-08-31,0.243232046057148,534.98,241733886.0,7.8657241853525495
NVDA,2020-09-30,-0.021331273713887322,541.22,396511776.0,7.676606996082963
NVDA,2020-10-31,-0.08683943640485581,501.36,200593091.0,6.92313533463669
NVDA,2020-11-30,0.048815838460721794,536.06,189808791.0,7.309909829234751
NVDA,2020-12-31,-0.02910039232910211,522.2,128016408.0,7.068088192984558
NVDA,2021-01-31,-0.018630701280477835,519.59,153776622.0,6.9177740519565125
NVDA,2021-02-28,0.034898293724954677,548.58,166258921.0,7.194090856469515
NVDA,2021-03-31,-0.050365581309354424,533.93,191236844.0,6.781390707181762
NVDA,2021-04-30,0.10919696914352728,600.38,167976641.0,7.631094988127618
NVDA,2021-05-31,0.06868158675883529,649.78,176367494.0,8.223892287378453
NVDA,2021-06-30,0.22092773686523848,800.1,256748671.0,10.261705935517702
NVDA,2021-07-31,-0.026074973526564738,194.99,328004987.0,9.96805725138512
NVDA,2021-08-31,0.1353727985912776,223.85,641440828.0,11.45283385661448
NVDA,2021-09-30,-0.0814409899229781,207.16,499956172.0,10.43866273998542
NVDA,2021-10-31,0.21882983515105114,255.67,497107602.0,12.9417834217249
NVDA,2021-11-30,0.23837039925794334,326.76,1079213759.0,16.26509190232924
NVDA,2021-12-31,-0.12945177541556574,294.11,1105975362.0,14.030095102859812
NVDA,2022-01-31,-0.18833226037062445,244.86,1067591645.0,11.19944331855277
NVDA,2022-02-28,-0.03960033095863702,243.85,1064192509.0,10.716341325626948
NVDA,2022-03-31,0.07406664353410974,272.86,1163311421.0,11.584131402116117
NVDA,2022-04-30,-0.3453030578743974,185.47,1109910745.0,7.238792348272193
NVDA,2022-05-31,-0.04489722050298517,186.72,1383046898.0,6.86889347153351
NVDA,2022-06-30,-0.21574779010984924,151.59,1055676405.0,5.171197094440335
NVDA,2022-07-31,0.17258937621567805,181.63,1056635538.0,6.236280151473797
NVDA,2022-08-31,-0.19579014907532177,150.94,1206915173.0,4.81948778186595
NVDA,2022-09-30,-0.21767131711085075,121.39,1312616395.0,3.552752211476686
NVDA,2022-10-31,0.08043265627759966,134.97,1255185787.0,3.9189421652194723
NVDA,2022-11-30,0.20723035040884263,169.23,1060101416.0,4.938296273758734
NVDA,2022-12-31,-0.15789682610829325,146.14,894615121.0,4.0006581396415255
NVDA,2023-01-31,0.30209040667943543,195.37,945495814.0,5.511308990710663
NVDA,2023-02-28,0.14866748011484154,232.16,1039409020.0,6.47932889060873
NVDA,2023-03-31,0.1822428629075925,277.77,1126657651.0,7.842383200260732
NVDA,2023-04-30,-0.007025792995756119,277.49,742662535.0,7.780258446306549
NVDA,2023-05-31,0.29239141377661304,378.34,1169406527.0,10.347530626746169
NVDA,2023-06-30,0.10286894409806457,423.02,1052802408.0,11.514839120439996
NVDA,2023-07-31,0.09638870000110056,467.29,870901174.0,12.721128193982125
NVDA,2023-08-31,0.03312370509824891,493.55,1363638357.0,13.175622797894857
NVDA,2023-09-30,-0.12432918604910703,434.99,858010319.0,11.413179153693424
NVDA,2023-10-31,-0.07579879550777391,407.8,1014241343.0,10.472275125421254
NVDA,2023-11-30,0.13766739806528827,467.7,914975019.0,12.051633391827126
NVDA,2023-12-31,0.05267841815768315,495.22,739627720.0,12.739172793282576
NVDA,2024-01-31,0.22934074631987378,615.27,969880029.0,15.890124935511707
NVDA,2024-02-29,0.24587630062659493,791.12,1107789923.0,20.043006371776332
NVDA,2024-03-31,0.12188814393027747,903.56,1210961732.0,22.60789936114515
NVDA,2024-04-30,-0.0713806440319632,864.02,1004973847.0,20.922752300504836
NVDA,2024-05-31,0.24099460510133297,1096.33,964797076.0,26.20601733389934
NVDA,2024-06-30,0.09550966461900678,123.54,4925896286.0,28.80445492507895
NVDA,2024-07-31,-0.09107180847346064,117.02,6407092755.0,26.09010931448627
NVDA,2024-08-31,-0.01667561887345903,119.37,8105367559.0,25.638364976317554
NVDA,2024-09-30,-0.008557260244711706,121.44,6268619540.0,25.41041355472159
NVDA,2024-10-31,0.07741840198778194,132.76,5628704792.0,27.455065567964592
NVDA,2024-11-30,0.029609487795966283,138.25,4498075137.0,28.29760548463266
NVDA,2024-12-31,0.003654436339648015,139.31,1512682495.0,28.40467171878037
TSLA,2014-03-31,0.004526604245569388,208.45,18064800.0,0.004526604245569388
TSLA,2014-04-30,-0.030420807295347796,207.89,165207800.0,-0.026031906005235195
TSLA,2014-05-31,-0.02464054218014944,207.77,134810100.0,-0.05003100790743298
TSLA,2014-06-30,0.14247620947768613,240.06,123238200.0,0.08531697320725407
TSLA,2014-07-31,-0.07730000873888576,223.3,107871700.0,0.001421961693872209
TSLA,2014-08-31,0.19840408789828534,269.7,114710400.0,0.20010817260505664
TSLA,2014-09-30,-0.11590943798611664,242.68,132773043.0,0.06100430879585916
TSLA,2014-10-31,-0.030276592392969537,241.7,152148180.0,0.02888071381126256
TSLA,2014-11-30,0.0027383035527590582,244.52,107731050.0,0.031698101525257316
TSLA,2014-12-31,-0.10318161801579895,222.41,127100337.0,-0.07475417789394678
TSLA,2015-01-31,-0.0942491163454603,203.6,90121332.0,-0.16195777902977126
TSLA,2015-02-28,-0.011601488034685081,203.34,106717638.0,-0.1716803158289183
TSLA,2015-03-31,-0.0812020313119296,188.77,122990032.0,-0.2389415567592661
TSLA,2015-04-30,0.18395315323398975,226.05,98945034.0,-0.09894245632978171
TSLA,2015-05-31,0.10628654875449661,250.8,89127783.0,-0.0031721597838700877
TSLA,2015-06-30,0.06453265771631789,268.26,65473162.0,0.061155790030893886
TSLA,2015-07-31,-0.02393360661067767,266.15,80060910.0,0.03575850479965159
TSLA,2015-08-31,-0.09161636672044216,249.06,113858937.0,-0.05913392620989011
TSLA,2015-09-30,-0.010363861022044563,248.4,80218666.0,-0.06888493143900754
TSLA,2015-10-31,-0.1794469589074812,206.93,100854710.0,-0.2359706988852085
TSLA,2015-11-30,0.08946609014660734,230.26,78487987.0,-0.1676159845570232
TSLA,2015-12-31,0.03255747650162677,240.01,59852189.0,-0.1405156615339087
TSLA,2016-01-31,-0.21403778787618677,191.2,79247152.0,-0.32447778805341865
TSLA,2016-02-29,-0.03799147900392863,191.93,133705697.0,-0.3501418759852746
TSLA,2016-03-31,0.1822942488243191,229.77,102729544.0,-0.23167647742562902
TSLA,2016-04-30,0.03694473380523311,240.76,135507264.0,-0.20329096940781988
TSLA,2016-05-31,-0.08277500765494616,223.23,103313344.0,-0.2692385655138523
TSLA,2016-06-30,-0.07128798825550131,212.28,121687759.0,-0.3213330780730741
TSLA,2016-07-31,0.099688599733331,234.79,74068654.0,-0.253677722940849
TSLA,2016-08-31,-0.09979393472476894,212.01,62291339.0,-0.3281561595413308
TSLA,2016-09-30,-0.045034179223335524,204.03,70644512.0,-0.3584120954626405
TSLA,2016-10-31,-0.0384215365027204,197.73,92133590.0,-0.3830628885565266
TSLA,2016-11-30,-0.050939237372498614,189.4,98886097.0,-0.41448919452024935
TSLA,2016-12-31,0.11897457463261119,213.69,87993345.0,-0.3448282954954984
TSLA,2017-01-31,0.17275148074854751,251.93,100683220.0,-0.231646413397796
TSLA,2017-02-28,-0.02018418294605162,249.99,119540302.0,-0.24715500275702984
TSLA,2017-03-31,0.10456073111877906,278.3,107048530.0,-0.16843697942618963
TSLA,2017-04-30,0.11639305251934506,314.07,116249563.0,-0.07164882109939685
TSLA,2017-05-31,0.07069615874428825,341.01,145440756.0,-0.006017958785392685
TSLA,2017-06-30,0.05038019512336889,361.61,183792656.0,0.0440590504001237
TSLA,2017-07-31,-0.12139359566091767,323.47,180152458.0,-0.08268303181027059
TSLA,2017-08-31,0.08888724147431493,355.9,132609393.0,-0.0011452569503036525
TSLA,2017-09-30,-0.050290947957026155,341.1,110620352.0,-0.051378608849644625
TSLA,2017-10-31,-0.03617897243640533,331.53,121524280.0,-0.08569875601265786
TSLA,2017-11-30,-0.07955987643416529,308.85,146728325.0,-0.15844045000789442
TSLA,2017-12-31,0.0010160253808007003,311.35,109078772.0,-0.15758540414564726
TSLA,2018-01-31,0.12906544223709626,354.31,122930471.0,-0.04885879178472052
TSLA,2018-02-28,-0.047741217819505355,343.06,106577192.0,-0.09426743138323368
TSLA,2018-03-31,-0.24389264397937538,266.13,156356878.0,-0.3151689422814079
TSLA,2018-04-30,0.07752556055685722,293.9,190345295.0,-0.26207703064502863
TSLA,2018-05-31,-0.04338519443539712,284.73,155577968.0,-0.2940919621488397
TSLA,2018-06-30,0.17708802461888506,342.95,213424960.0,-0.1690841021631846
TSLA,2018-07-31,-0.14455684158967796,298.14,172357228.0,-0.28919867998112614
TSLA,2018-08-31,-0.03506644777277246,301.66,277360157.0,-0.31412395734638565
TSLA,2018-09-30,-0.16211300033781195,264.77,196075479.0,-0.42531338048078815
TSLA,2018-10-31,0.1927707443857698,337.32,286360727.0,-0.31453061304752805
TSLA,2018-11-30,0.02573660271252942,350.48,133019067.0,-0.29688895976393115
TSLA,2018-12-31,-0.07803383844760325,332.8,146451183.0,-0.35175541308843883
TSLA,2019-01-31,-0.11449617868272921,307.02,175660650.0,-0.4259769411415769
TSLA,2019-02-28,0.033210617886402005,319.88,128550254.0,-0.4069132806758462
TSLA,2019-03-31,-0.14133713303741224,279.86,213793753.0,-0.4907384572276865
TSLA,2019-04-30,-0.16388598773324436,238.69,230757873.0,-0.574199288179483
TSLA,2019-05-31,-0.24128220838546177,185.16,282598837.0,-0.6769374242596389
TSLA,2019-06-30,0.18663856916559274,223.46,214970558.0,-0.616641487372507
TSLA,2019-07-31,0.04521775155744745,241.61,199371373.0,-0.5993068773910845
TSLA,2019-08-31,-0.08024294629226014,225.61,134088212.0,-0.6314596741082696
TSLA,2019-09-30,0.05048056203433293,240.87,136563111.0,-0.612855551324939
TSLA,2019-10-31,0.2596546143298495,314.92,234866048.0,-0.5123317088142737
TSLA,2019-11-30,0.03837091050806851,329.94,157892383.0,-0.4936194324555635
TSLA,2019-12-31,0.2544091824538499,418.33,207390450.0,-0.3647915662560669
TSLA,2020-01-31,0.5056134761801359,650.57,407621638.0,-0.04362162197185737
TSLA,2020-02-29,-0.09873644087740507,667.99,473506012.0,-0.13805101915046158
TSLA,2020-03-31,-0.35969775090927136,524.0,420906139.0,-0.44809212896057915
TSLA,2020-04-30,0.3881165555065702,781.88,381562411.0,-0.23388754709579473
TSLA,2020-05-31,0.041017504557022466,835.0,272775593.0,-0.20246352606760487
TSLA,2020-06-30,0.24769694284813903,1079.81,255918459.0,-0.004916179664666065
TSLA,2020-07-31,0.24634899903544238,1430.76,378234408.0,0.24022172343130754
TSLA,2020-08-31,0.4862896910998833,2213.4,287681334.0,0.843328762214083
TSLA,2020-09-30,-0.2539694094676821,429.01,1736952445.0,0.3751796450197791
TSLA,2020-10-31,-0.11360382295543836,388.04,833908217.0,0.21895398009502953
TSLA,2020-11-30,0.4153318821881382,567.6,781153824.0,0.7252244309486204
TSLA,2020-12-31,0.20438517406317658,705.67,1194948499.0,1.077834726566099
TSLA,2021-01-31,0.09224733769044113,793.53,705739179.0,1.2695094482525673
TSLA,2021-02-28,-0.17384984465087916,675.5,518874413.0,0.8749555832401561
TSLA,2021-03-31,-0.07236978145023398,667.93,941564582.0,0.73926545745217
TSLA,2021-04-30,0.03931456150583812,709.44,678583808.0,0.8076439162541529
TSLA,2021-05-31,-0.13330770898707867,625.22,625175872.0,0.5666710471138812
TSLA,2021-06-30,0.07327639415938858,679.7,519623430.0,0.6814710522803
TSLA,2021-07-31,0.0024986198137932902,687.2,447786560.0,0.6856724091678474
TSLA,2021-08-31,0.06023629270797648,735.72,381913604.0,0.7872110658162419
TSLA,2021-09-30,0.0485075387720828,775.48,390215611.0,0.8739042758852187
TSLA,2021-10-31,0.408723279060369,1114.0,528934537.0,1.6398125761702715
TSLA,2021-11-30,-0.014923109112765953,1144.76,646639435.0,1.6004183650588306
TSLA,2021-12-31,-0.10509381892828151,1056.78,510209746.0,1.3271304682635598
TSLA,2022-01-31,-0.1665259916101075,936.72,638395647.0,0.9396027594298768
TSLA,2022-02-28,-0.09598449438545953,870.43,463455422.0,0.753430969257358
TSLA,2022-03-31,0.20125593036401113,1077.6,575182495.0,1.1063193503043172
TSLA,2022-04-30,-0.22198585886523314,870.76,503896960.0,0.6387462402825534
TSLA,2022-05-31,-0.1855938224775766,758.26,649232242.0,0.33460506147775715
TSLA,2022-06-30,-0.15124659789808947,673.42,670825779.0,0.1327505863916758
TSLA,2022-07-31,0.2893454603218779,891.45,581783311.0,0.4605068262410523
TSLA,2022-08-31,-0.08280985295652432,275.61,681604213.0,0.3395624707180307
TSLA,2022-09-30,-0.055072047461213525,265.25,1298711227.0,0.2657900227533869
TSLA,2022-10-31,-0.17363489626789486,227.54,1735577735.0,0.04600470345566632
TSLA,2022-11-30,-0.17747456534991501,194.7,1885408367.0,-0.13963452664409481
TSLA,2022-12-31,-0.4026904521719883,123.18,2944247785.0,-0.486095488142951
TSLA,2023-01-31,0.3157255955723324,173.22,3897499392.0,-0.3238426800695755
TSLA,2023-02-28,0.15787714704045297,205.71,3625947459.0,-0.21709289144844124
TSLA,2023-03-31,-0.016543028417562722,207.46,3312555115.0,-0.23004454599352153
TSLA,2023-04-30,-0.22782188558646643,164.31,2503574179.0,-0.4054572493428613
TSLA,2023-05-31,0.2245274250052658,203.93,2681250964.0,-0.2719660964822662
TSLA,2023-06-30,0.2568435754652214,261.77,3443091887.0,-0.08497526564286939
TSLA,2023-07-31,-0.001442823640030566,267.43,2394275082.0,-0.08629548496081252
TSLA,2023-08-31,-0.053207407283246466,258.08,2503253508.0,-0.1349113332290438
TSLA,2023-09-30,-0.049812875197442485,250.22,2440633653.0,-0.1780038870216274
TSLA,2023-10-31,-0.21676727781092564,200.84,2591243998.0,-0.3561857468031113
TSLA,2023-11-30,0.17303945612335503,240.08,2652010569.0,-0.2447804785854577
TSLA,2023-12-31,0.02631150960879558,248.48,2293889902.0,-0.22490951289100902
TSLA,2024-01-31,-0.2665054554166748,187.29,2333525855.0,-0.43147535614712296
TSLA,2024-02-29,0.06539878016945355,201.88,2020188307.0,-0.3942945379428717
TSLA,2024-03-31,-0.14591113027974267,175.79,1896180214.0,-0.48267370652824115
TSLA,2024-04-30,-0.00990732246389281,183.28,2469782990.0,-0.48779902493671634
TSLA,2024-05-31,-0.04138736130512155,178.08,1668285761.0,-0.508997671752496
TSLA,2024-06-30,0.10012911242694633,197.88,1407037303.0,-0.45983404442550924
TSLA,2024-07-31,0.10490363193824637,232.07,2946645956.0,-0.4031686738363517
TSLA,2024-08-31,-0.10405455650864792,214.11,1618373088.0,-0.4652716927907783
TSLA,2024-09-30,0.1927229019623269,261.63,1611006644.0,-0.36221730166401445
TSLA,2024-10-31,-0.09317975640161447,249.85,1910960826.0,-0.4216457381321259
TSLA,2024-11-30,0.3156605068847502,345.16,2091913770.0,-0.23908213867195716
TSLA,2024-12-31,0.2193987881632451,424.77,648134261.0,-0.0721376820048164
